Year,Month #,Month,Commodity,Unit,Quantity,Amount_USD,Trade Type
2022,1,Jan,Tobacco,Kgs,5970615.0,18606351.0,Export
2022,1,Jan,Other Exports,,0.0,8329031.27,Export
2022,1,Jan,Tea,Kgs,3738422.0,5955969.0,Export
2022,1,Jan,Sugar,Kgs,9377407.0,5904768.93,Export
2022,1,Jan,Groundnuts,Kgs,2735690.0,3357895.46,Export
2022,1,Jan,Pulses,Kgs,3330183.5,2226693.07,Export
2022,1,Jan,Macadamia Nuts,Kgs,213164.74,1257545.94,Export
2022,1,Jan,Plastics and Other Articles Thereof,Kgs,503806.35,949672.06,Export
2022,1,Jan,Scrap Metal,Kgs,2610732.0,596761.0,Export
2022,1,Jan,Coffee,Kgs,131916.5,500045.43,Export
2022,1,Jan,Soya Beans,Kgs,131000.0,177492.22,Export
2022,1,Jan,"Beverages, Spirits, Vinegar",Litres,88937.4,89367.46,Export
2022,1,Jan,Natural Rubber,Kgs,27720.0,53576.13,Export
2022,1,Jan,Wooden Furniture,Kgs,57721.0,52555.8,Export
2022,1,Jan,Fish,Kgs,25134.0,10312.81,Export
2022,1,Jan,Spices,Kgs,11906.2,10052.66,Export
2022,1,Jan,Rice,Kgs,7130.0,3352.34,Export
2022,1,Jan,Wood Sawn and Plied,Kgs,26800.0,1815.85,Export
2022,1,Jan,Apparel Clothing: Not Knitted or Crocheted,No,37.0,212.56,Export
2022,1,Jan,Coconut,Kgs,1000.0,121.46,Export
2022,1,Jan,Cotton,Kgs,0.0,0.0,Export
2022,1,Jan,Skins and Hides,Kgs,0.0,0.0,Export
2022,1,Jan,Live Trees and Flowers,Kgs,0.0,0.0,Export
2022,1,Jan,Woven Fabric,Kgs,0.0,0.0,Export
2022,1,Jan,Apparel Clothing: Knitted or Crocheted,No,0.0,0.0,Export
2022,2,Feb,Tobacco,Kgs,6964336.0,23553087.0,Export
2022,2,Feb,Other Exports,,0.0,16364616.11,Export
2022,2,Feb,Tea,Kgs,4861034.0,7857009.0,Export
2022,2,Feb,Groundnuts,Kgs,3428950.5,4192492.4,Export
2022,2,Feb,Macadamia Nuts,Kgs,397532.88,2701196.45,Export
2022,2,Feb,Pulses,Kgs,3368330.3,1948393.79,Export
2022,2,Feb,Scrap Metal,Kgs,2552524.0,767973.0,Export
2022,2,Feb,Sugar,Kgs,1303442.5,739196.49,Export
2022,2,Feb,Plastics and Other Articles Thereof,Kgs,289028.1,662461.28,Export
2022,2,Feb,Natural Rubber,Kgs,255325.0,487322.08,Export
2022,2,Feb,Soya Beans,Kgs,405011.8,295120.39,Export
2022,2,Feb,Skins and Hides,Kgs,29140.0,135730.36,Export
2022,2,Feb,Coffee,Kgs,19096.6,96607.75,Export
2022,2,Feb,"Beverages, Spirits, Vinegar",Litres,63262.9,66826.31,Export
2022,2,Feb,Wooden Furniture,Kgs,35701.51,44074.99,Export
2022,2,Feb,Spices,Kgs,48051.5,41521.95,Export
2022,2,Feb,Fish,Kgs,13903.0,35799.77,Export
2022,2,Feb,Rice,Kgs,30803.0,30543.17,Export
2022,2,Feb,Apparel Clothing: Not Knitted or Crocheted,No,104.0,778.97,Export
2022,2,Feb,Apparel Clothing: Knitted or Crocheted,No,103.0,680.08,Export
2022,2,Feb,Cotton,Kgs,455.0,194.31,Export
2022,2,Feb,Live Trees and Flowers,Kgs,0.0,0.0,Export
2022,2,Feb,Wood Sawn and Plied,Kgs,0.0,0.0,Export
2022,2,Feb,Woven Fabric,Kgs,0.0,0.0,Export
2022,2,Feb,Coconut,Kgs,0.0,0.0,Export
2022,3,Mar,Tea,Kgs,5200373.0,8558807.0,Export
2022,3,Mar,Tobacco,Kgs,2578866.0,8365072.0,Export
2022,3,Mar,Other Exports,,0.0,7928537.84,Export
2022,3,Mar,Macadamia Nuts,Kgs,613200.24,4591738.28,Export
2022,3,Mar,Groundnuts,Kgs,3218340.0,3916155.92,Export
2022,3,Mar,Pulses,Kgs,3219069.5,2240049.23,Export
2022,3,Mar,Sugar,Kgs,3725766.5,2084044.29,Export
2022,3,Mar,Scrap Metal,Kgs,4723576.0,1133200.0,Export
2022,3,Mar,Plastics and Other Articles Thereof,Kgs,362424.17,919288.85,Export
2022,3,Mar,Natural Rubber,Kgs,252035.0,469211.27,Export
2022,3,Mar,Cotton,Kgs,20000.0,255946.74,Export
2022,3,Mar,Coffee,Kgs,35462.5,153142.54,Export
2022,3,Mar,Apparel Clothing: Not Knitted or Crocheted,No,6716.15,60499.05,Export
2022,3,Mar,Skins and Hides,Kgs,92270.0,58575.94,Export
2022,3,Mar,Rice,Kgs,53622.5,54563.58,Export
2022,3,Mar,Woven Fabric,Kgs,7052.3,52763.94,Export
2022,3,Mar,Wooden Furniture,Kgs,56547.0,48568.36,Export
2022,3,Mar,"Beverages, Spirits, Vinegar",Litres,43327.5,45338.51,Export
2022,3,Mar,Soya Beans,Kgs,62000.0,44098.59,Export
2022,3,Mar,Spices,Kgs,47606.0,33916.1,Export
2022,3,Mar,Fish,Kgs,16782.0,10065.04,Export
2022,3,Mar,Apparel Clothing: Knitted or Crocheted,No,750.0,2731.88,Export
2022,3,Mar,Wood Sawn and Plied,Kgs,15000.0,1117.04,Export
2022,3,Mar,Live Trees and Flowers,Kgs,0.0,0.0,Export
2022,3,Mar,Coconut,Kgs,0.0,0.0,Export
2022,4,Apr,Other Exports,,0.0,11502972.38,Export
2022,4,Apr,Tobacco,Kgs,2265665.0,7431138.0,Export
2022,4,Apr,Tea,Kgs,4210745.0,7028041.0,Export
2022,4,Apr,Pulses,Kgs,7922681.25,4907527.32,Export
2022,4,Apr,Macadamia Nuts,Kgs,587447.1,3698264.21,Export
2022,4,Apr,Sugar,Kgs,3906000.0,2236067.65,Export
2022,4,Apr,Soya Beans,Kgs,3030051.25,2206630.69,Export
2022,4,Apr,Groundnuts,Kgs,1519517.25,1846857.83,Export
2022,4,Apr,Scrap Metal,Kgs,4724783.0,1042660.0,Export
2022,4,Apr,Plastics and Other Articles Thereof,Kgs,258174.45,735542.48,Export
2022,4,Apr,Natural Rubber,Kgs,203315.0,400669.44,Export
2022,4,Apr,Cotton,Kgs,40000.0,302775.26,Export
2022,4,Apr,Skins and Hides,Kgs,98000.0,61492.31,Export
2022,4,Apr,Woven Fabric,Kgs,2475.0,42399.03,Export
2022,4,Apr,Wooden Furniture,Kgs,42636.9,40938.75,Export
2022,4,Apr,Fish,Kgs,11262.0,25708.74,Export
2022,4,Apr,Rice,Kgs,16850.0,17572.26,Export
2022,4,Apr,"Beverages, Spirits, Vinegar",Litres,9165.4,7675.24,Export
2022,4,Apr,Spices,Kgs,24002.0,7560.51,Export
2022,4,Apr,Apparel Clothing: Not Knitted or Crocheted,No,5483.0,3324.41,Export
2022,4,Apr,Wood Sawn and Plied,Kgs,29600.0,1407.96,Export
2022,4,Apr,Apparel Clothing: Knitted or Crocheted,No,515.0,1207.94,Export
2022,4,Apr,Coffee,Kgs,1.0,2.43,Export
2022,4,Apr,Live Trees and Flowers,Kgs,0.0,0.0,Export
2022,4,Apr,Coconut,Kgs,0.0,0.0,Export
2022,5,May,Other Exports,,0.0,9101754.22,Export
2022,5,May,Tea,Kgs,5630079.0,9058070.0,Export
2022,5,May,Soya Beans,Kgs,9477206.5,7956553.75,Export
2022,5,May,Groundnuts,Kgs,5839400.0,7015314.58,Export
2022,5,May,Tobacco,Kgs,1646150.0,5263028.0,Export
2022,5,May,Macadamia Nuts,Kgs,351908.2,3582008.46,Export
2022,5,May,Scrap Metal,Kgs,4315337.0,1171049.0,Export
2022,5,May,Pulses,Kgs,1683001.5,1017109.44,Export
2022,5,May,Sugar,Kgs,1546013.5,991027.88,Export
2022,5,May,Natural Rubber,Kgs,277480.0,604550.3,Export
2022,5,May,Plastics and Other Articles Thereof,Kgs,232836.6,531229.52,Export
2022,5,May,Cotton,Kgs,150000.0,272969.88,Export
2022,5,May,Spices,Kgs,49590.5,65623.09,Export
2022,5,May,"Beverages, Spirits, Vinegar",Litres,34008.5,39379.1,Export
2022,5,May,Wooden Furniture,Kgs,42755.0,32928.59,Export
2022,5,May,Skins and Hides,Kgs,92000.0,28268.44,Export
2022,5,May,Woven Fabric,Kgs,1356.0,10565.55,Export
2022,5,May,Wood Sawn and Plied,Kgs,31000.0,2968.18,Export
2022,5,May,Rice,Kgs,9500.0,1849.23,Export
2022,5,May,Apparel Clothing: Knitted or Crocheted,No,1405.0,1138.98,Export
2022,5,May,Fish,Kgs,9052.0,810.67,Export
2022,5,May,Apparel Clothing: Not Knitted or Crocheted,No,334.0,714.96,Export
2022,5,May,Coffee,Kgs,2.0,3.53,Export
2022,5,May,Live Trees and Flowers,Kgs,0.0,0.0,Export
2022,5,May,Coconut,Kgs,0.0,0.0,Export
2022,6,Jun,Other Exports,,0.0,18402945.19,Export
2022,6,Jun,Tobacco,Kgs,4531196.0,13880750.0,Export
2022,6,Jun,Groundnuts,Kgs,11293743.5,10605568.29,Export
2022,6,Jun,Tea,Kgs,4622560.0,6905133.0,Export
2022,6,Jun,Sugar,Kgs,8315052.5,5596263.18,Export
2022,6,Jun,Soya Beans,Kgs,6048752.0,4140086.56,Export
2022,6,Jun,Macadamia Nuts,Kgs,365592.68,3559774.27,Export
2022,6,Jun,Cotton,Kgs,1248480.8,2241616.3,Export
2022,6,Jun,Pulses,Kgs,2628409.5,1572654.14,Export
2022,6,Jun,Scrap Metal,Kgs,2663601.0,698059.0,Export
2022,6,Jun,Plastics and Other Articles Thereof,Kgs,288936.99,637156.86,Export
2022,6,Jun,Natural Rubber,Kgs,252035.0,492304.81,Export
2022,6,Jun,Spices,Kgs,60005.5,161401.05,Export
2022,6,Jun,Skins and Hides,Kgs,48660.0,130901.53,Export
2022,6,Jun,"Beverages, Spirits, Vinegar",Litres,126448.0,130482.78,Export
2022,6,Jun,Wooden Furniture,Kgs,42738.0,41770.32,Export
2022,6,Jun,Rice,Kgs,32400.0,29654.18,Export
2022,6,Jun,Fish,Kgs,13822.0,19554.46,Export
2022,6,Jun,Woven Fabric,Kgs,1380.0,9418.38,Export
2022,6,Jun,Apparel Clothing: Knitted or Crocheted,No,1570.5,4232.17,Export
2022,6,Jun,Wood Sawn and Plied,Kgs,35000.0,2043.55,Export
2022,6,Jun,Apparel Clothing: Not Knitted or Crocheted,No,301.5,399.13,Export
2022,6,Jun,Coffee,Kgs,3.0,18.24,Export
2022,6,Jun,Live Trees and Flowers,Kgs,0.5,0.91,Export
2022,6,Jun,Coconut,Kgs,0.0,0.0,Export
2022,7,Jul,Tobacco,Kgs,7505249.0,32023273.0,Export
2022,7,Jul,Groundnuts,Kgs,14076500.0,14324184.91,Export
2022,7,Jul,Other Exports,,0.0,12066224.11,Export
2022,7,Jul,Tea,Kgs,4656406.0,7529260.0,Export
2022,7,Jul,Pulses,Kgs,12034251.5,5710407.71,Export
2022,7,Jul,Soya Beans,Kgs,5102002.5,3739409.81,Export
2022,7,Jul,Macadamia Nuts,Kgs,336023.16,3234897.92,Export
2022,7,Jul,Cotton,Kgs,1508080.0,2535770.98,Export
2022,7,Jul,Plastics and Other Articles Thereof,Kgs,610182.35,1302110.49,Export
2022,7,Jul,Sugar,Kgs,1627055.0,1060978.04,Export
2022,7,Jul,Scrap Metal,Kgs,2621019.0,872003.0,Export
2022,7,Jul,Natural Rubber,Kgs,307685.0,620926.26,Export
2022,7,Jul,Spices,Kgs,83711.0,170074.43,Export
2022,7,Jul,Rice,Kgs,122032.0,68365.16,Export
2022,7,Jul,Wooden Furniture,Kgs,53632.0,53441.01,Export
2022,7,Jul,"Beverages, Spirits, Vinegar",Litres,45103.5,47025.26,Export
2022,7,Jul,Fish,Kgs,11256.0,6516.21,Export
2022,7,Jul,Skins and Hides,Kgs,23000.0,5845.48,Export
2022,7,Jul,Wood Sawn and Plied,Kgs,18500.0,1412.66,Export
2022,7,Jul,Apparel Clothing: Knitted or Crocheted,No,21.5,133.96,Export
2022,7,Jul,Apparel Clothing: Not Knitted or Crocheted,No,15.0,80.37,Export
2022,7,Jul,Coffee,Kgs,3.0,3.9,Export
2022,7,Jul,Live Trees and Flowers,Kgs,0.0,0.0,Export
2022,7,Jul,Woven Fabric,Kgs,0.0,0.0,Export
2022,7,Jul,Coconut,Kgs,0.0,0.0,Export
2022,8,Aug,Tobacco,Kgs,11251634.0,43819272.0,Export
2022,8,Aug,Other Exports,,0.0,14181103.98,Export
2022,8,Aug,Groundnuts,Kgs,12853033.5,13032802.96,Export
2022,8,Aug,Pulses,Kgs,22246511.0,10023469.75,Export
2022,8,Aug,Tea,Kgs,4345046.0,7081470.0,Export
2022,8,Aug,Soya Beans,Kgs,6310000.0,4619110.07,Export
2022,8,Aug,Sugar,Kgs,5205325.5,3771317.87,Export
2022,8,Aug,Cotton,Kgs,1030160.0,1890963.49,Export
2022,8,Aug,Macadamia Nuts,Kgs,208272.24,1115033.68,Export
2022,8,Aug,Scrap Metal,Kgs,3414809.0,1016611.0,Export
2022,8,Aug,Plastics and Other Articles Thereof,Kgs,507201.05,914337.42,Export
2022,8,Aug,Spices,Kgs,173731.5,369295.57,Export
2022,8,Aug,Natural Rubber,Kgs,168595.0,338054.4,Export
2022,8,Aug,Skins and Hides,Kgs,99895.5,89247.08,Export
2022,8,Aug,Wooden Furniture,Kgs,63296.0,51959.76,Export
2022,8,Aug,Rice,Kgs,31905.0,31449.62,Export
2022,8,Aug,Apparel Clothing: Knitted or Crocheted,No,13798.0,20891.4,Export
2022,8,Aug,Woven Fabric,Kgs,2755.9,20093.58,Export
2022,8,Aug,Fish,Kgs,47133.5,12917.34,Export
2022,8,Aug,"Beverages, Spirits, Vinegar",Litres,12593.0,5751.71,Export
2022,8,Aug,Apparel Clothing: Not Knitted or Crocheted,No,602.8,2285.46,Export
2022,8,Aug,Coffee,Kgs,3.0,6.82,Export
2022,8,Aug,Live Trees and Flowers,Kgs,0.0,0.0,Export
2022,8,Aug,Wood Sawn and Plied,Kgs,0.0,0.0,Export
2022,8,Aug,Coconut,Kgs,0.0,0.0,Export
2022,9,Sep,Tobacco,Kgs,15838514.0,74940633.0,Export
2022,9,Sep,Other Exports,,0.0,16425728.76,Export
2022,9,Sep,Groundnuts,Kgs,10358300.0,10450830.6,Export
2022,9,Sep,Pulses,Kgs,15977512.0,7429080.5,Export
2022,9,Sep,Tea,Kgs,2624063.0,4036203.0,Export
2022,9,Sep,Macadamia Nuts,Kgs,216419.6,1780713.38,Export
2022,9,Sep,Cotton,Kgs,952200.0,1561699.41,Export
2022,9,Sep,Scrap Metal,Kgs,3657212.0,1110464.0,Export
2022,9,Sep,Plastics and Other Articles Thereof,Kgs,384405.11,1039989.54,Export
2022,9,Sep,Soya Beans,Kgs,1365004.0,1000930.89,Export
2022,9,Sep,Sugar,Kgs,1212060.0,919243.8,Export
2022,9,Sep,Natural Rubber,Kgs,169365.0,342338.85,Export
2022,9,Sep,Spices,Kgs,125778.5,268030.49,Export
2022,9,Sep,"Beverages, Spirits, Vinegar",Litres,99215.9,118965.3,Export
2022,9,Sep,Wooden Furniture,Kgs,62292.43,99542.81,Export
2022,9,Sep,Skins and Hides,Kgs,1005.0,96155.61,Export
2022,9,Sep,Woven Fabric,Kgs,14857.0,95105.53,Export
2022,9,Sep,Fish,Kgs,189580.0,60342.22,Export
2022,9,Sep,Apparel Clothing: Not Knitted or Crocheted,No,1253.5,4967.5,Export
2022,9,Sep,Apparel Clothing: Knitted or Crocheted,No,1054.0,1878.34,Export
2022,9,Sep,Wood Sawn and Plied,Kgs,15500.0,1130.13,Export
2022,9,Sep,Coffee,Kgs,112.5,646.27,Export
2022,9,Sep,Rice,Kgs,660.0,545.58,Export
2022,9,Sep,Coconut,Kgs,1400.0,170.49,Export
2022,9,Sep,Live Trees and Flowers,Kgs,0.0,0.0,Export
2022,10,Oct,Tobacco,Kgs,14183907.0,60148185.0,Export
2022,10,Oct,Other Exports,,0.0,24545004.6,Export
2022,10,Oct,Pulses,Kgs,16354702.0,8517237.83,Export
2022,10,Oct,Groundnuts,Kgs,4964350.0,5034656.79,Export
2022,10,Oct,Tea,Kgs,3164980.0,4843536.0,Export
2022,10,Oct,Scrap Metal,Kgs,2712541.0,810127.0,Export
2022,10,Oct,Macadamia Nuts,Kgs,87137.36,771485.77,Export
2022,10,Oct,Plastics and Other Articles Thereof,Kgs,397322.65,701538.49,Export
2022,10,Oct,Cotton,Kgs,278800.0,344154.04,Export
2022,10,Oct,Spices,Kgs,106964.0,226329.87,Export
2022,10,Oct,"Beverages, Spirits, Vinegar",Litres,187463.0,215646.33,Export
2022,10,Oct,Natural Rubber,Kgs,85435.0,155230.46,Export
2022,10,Oct,Fish,Kgs,230594.0,75970.94,Export
2022,10,Oct,Wooden Furniture,Kgs,51068.0,32480.01,Export
2022,10,Oct,Rice,Kgs,23638.0,24131.83,Export
2022,10,Oct,Soya Beans,Kgs,30000.0,21632.41,Export
2022,10,Oct,Apparel Clothing: Not Knitted or Crocheted,No,5312.5,1263.66,Export
2022,10,Oct,Apparel Clothing: Knitted or Crocheted,No,1204.5,1007.54,Export
2022,10,Oct,Wood Sawn and Plied,Kgs,10500.0,889.15,Export
2022,10,Oct,Sugar,Kgs,311.5,560.56,Export
2022,10,Oct,Coffee,Kgs,11.0,110.17,Export
2022,10,Oct,Coconut,Kgs,500.0,48.32,Export
2022,10,Oct,Skins and Hides,Kgs,0.0,0.0,Export
2022,10,Oct,Live Trees and Flowers,Kgs,0.0,0.0,Export
2022,10,Oct,Woven Fabric,Kgs,0.0,0.0,Export
2022,11,Nov,Tobacco,Kgs,11864240.0,50519628.0,Export
2022,11,Nov,Other Exports,,0.0,45038140.39,Export
2022,11,Nov,Tea,Kgs,4689251.0,7388338.0,Export
2022,11,Nov,Pulses,Kgs,7241869.2,3916036.11,Export
2022,11,Nov,Groundnuts,Kgs,2985800.0,3095160.71,Export
2022,11,Nov,Coffee,Kgs,199244.5,1030105.77,Export
2022,11,Nov,Scrap Metal,Kgs,2921226.0,936351.0,Export
2022,11,Nov,Cotton,Kgs,435000.0,851556.77,Export
2022,11,Nov,Plastics and Other Articles Thereof,Kgs,442382.11,799082.8,Export
2022,11,Nov,Natural Rubber,Kgs,140875.0,257292.79,Export
2022,11,Nov,Spices,Kgs,116682.0,254387.68,Export
2022,11,Nov,Skins and Hides,Kgs,39306.0,206818.05,Export
2022,11,Nov,Sugar,Kgs,68077.0,75435.0,Export
2022,11,Nov,Fish,Kgs,181817.0,66219.91,Export
2022,11,Nov,Wooden Furniture,Kgs,69576.0,39573.9,Export
2022,11,Nov,Macadamia Nuts,Kgs,8142.0,32879.88,Export
2022,11,Nov,Soya Beans,Kgs,34059.0,24984.54,Export
2022,11,Nov,Rice,Kgs,16272.0,15692.38,Export
2022,11,Nov,"Beverages, Spirits, Vinegar",Litres,29481.5,10977.15,Export
2022,11,Nov,Apparel Clothing: Not Knitted or Crocheted,No,5472.1,9130.38,Export
2022,11,Nov,Wood Sawn and Plied,Kgs,14000.0,896.31,Export
2022,11,Nov,Apparel Clothing: Knitted or Crocheted,No,500.0,214.33,Export
2022,11,Nov,Coconut,Kgs,3750.0,194.85,Export
2022,11,Nov,Live Trees and Flowers,Kgs,0.0,0.0,Export
2022,11,Nov,Woven Fabric,Kgs,0.0,0.0,Export
2022,12,Dec,Tobacco,Kgs,10950429.0,30305466.0,Export
2022,12,Dec,Other Exports,,0.0,9827995.17,Export
2022,12,Dec,Groundnuts,Kgs,3649010.0,3743998.39,Export
2022,12,Dec,Pulses,Kgs,6966990.0,3679558.1,Export
2022,12,Dec,Tea,Kgs,1651590.0,2603949.0,Export
2022,12,Dec,Plastics and Other Articles Thereof,Kgs,367951.18,799589.2,Export
2022,12,Dec,Scrap Metal,Kgs,2213763.0,683454.0,Export
2022,12,Dec,Soya Beans,Kgs,325006.5,654082.74,Export
2022,12,Dec,Coffee,Kgs,114146.0,580739.46,Export
2022,12,Dec,Sugar,Kgs,161195.0,145421.35,Export
2022,12,Dec,"Beverages, Spirits, Vinegar",Litres,164609.5,143716.58,Export
2022,12,Dec,Spices,Kgs,58255.0,75448.06,Export
2022,12,Dec,Rice,Kgs,90865.5,69578.17,Export
2022,12,Dec,Fish,Kgs,121730.0,54513.56,Export
2022,12,Dec,Apparel Clothing: Not Knitted or Crocheted,No,16807.0,28137.45,Export
2022,12,Dec,Wooden Furniture,Kgs,41827.35,21307.05,Export
2022,12,Dec,Wood Sawn and Plied,Kgs,15500.0,896.31,Export
2022,12,Dec,Coconut,Kgs,765.0,457.89,Export
2022,12,Dec,Apparel Clothing: Knitted or Crocheted,No,3.0,48.71,Export
2022,12,Dec,Macadamia Nuts,Kgs,1.0,1.95,Export
2022,12,Dec,Cotton,Kgs,0.0,0.0,Export
2022,12,Dec,Skins and Hides,Kgs,0.0,0.0,Export
2022,12,Dec,Live Trees and Flowers,Kgs,0.0,0.0,Export
2022,12,Dec,Natural Rubber,Kgs,0.0,0.0,Export
2022,12,Dec,Woven Fabric,Kgs,0.0,0.0,Export
2023,1,Jan,Tobacco,Kgs,4566036.0,14972207.0,Export
2023,1,Jan,Other Exports,,0.0,14753240.53,Export
2023,1,Jan,Tea,Kgs,3219039.0,5220025.0,Export
2023,1,Jan,Groundnuts,Kgs,4277555.0,4295440.15,Export
2023,1,Jan,Pulses,Kgs,3815110.0,2312170.43,Export
2023,1,Jan,Macadamia Nuts,Kgs,381037.0,1128221.86,Export
2023,1,Jan,Soya Beans,Kgs,1496605.5,1009860.73,Export
2023,1,Jan,Scrap Metal,Kgs,3116474.0,975032.0,Export
2023,1,Jan,Plastics and Other Articles Thereof,Kgs,245908.78,441988.29,Export
2023,1,Jan,Rice,Kgs,260110.5,304056.35,Export
2023,1,Jan,Coffee,Kgs,67855.0,215323.97,Export
2023,1,Jan,Natural Rubber,Kgs,113155.0,198268.87,Export
2023,1,Jan,Sugar,Kgs,56226.0,54876.61,Export
2023,1,Jan,Skins and Hides,Kgs,4850.0,47500.02,Export
2023,1,Jan,Fish,Kgs,86399.0,39056.42,Export
2023,1,Jan,"Beverages, Spirits, Vinegar",Litres,90533.5,35576.61,Export
2023,1,Jan,Spices,Kgs,15451.0,18361.45,Export
2023,1,Jan,Wooden Furniture,Kgs,22456.0,7100.9,Export
2023,1,Jan,Apparel Clothing: Knitted or Crocheted,No,1000.0,3060.0,Export
2023,1,Jan,Wood Sawn and Plied,Kgs,34300.0,2600.73,Export
2023,1,Jan,Apparel Clothing: Not Knitted or Crocheted,No,1014.0,2564.29,Export
2023,1,Jan,Live Trees and Flowers,Kgs,963.0,964.15,Export
2023,1,Jan,Coconut,Kgs,1300.0,96.5,Export
2023,1,Jan,Cotton,Kgs,0.0,0.0,Export
2023,1,Jan,Woven Fabric,Kgs,0.0,0.0,Export
2023,2,Feb,Other Exports,,0.0,23571065.62,Export
2023,2,Feb,Tobacco,Kgs,1488906.0,5684411.0,Export
2023,2,Feb,Tea,Kgs,3324012.0,5644871.0,Export
2023,2,Feb,Soya Beans,Kgs,5235520.0,3841800.07,Export
2023,2,Feb,Groundnuts,Kgs,2114680.0,2193520.13,Export
2023,2,Feb,Pulses,Kgs,3098935.0,1720258.84,Export
2023,2,Feb,Macadamia Nuts,Kgs,450846.14,1699312.07,Export
2023,2,Feb,Scrap Metal,Kgs,3204030.0,987590.0,Export
2023,2,Feb,Plastics and Other Articles Thereof,Kgs,312195.2,629568.4,Export
2023,2,Feb,Natural Rubber,Kgs,279475.0,458598.1,Export
2023,2,Feb,Rice,Kgs,266765.0,369464.11,Export
2023,2,Feb,Coffee,Kgs,20895.5,86180.86,Export
2023,2,Feb,Sugar,Kgs,83284.5,84837.59,Export
2023,2,Feb,Wooden Furniture,Kgs,57950.0,49931.95,Export
2023,2,Feb,"Beverages, Spirits, Vinegar",Litres,119754.0,39513.18,Export
2023,2,Feb,Fish,Kgs,39159.5,25785.79,Export
2023,2,Feb,Spices,Kgs,56112.5,25430.48,Export
2023,2,Feb,Apparel Clothing: Knitted or Crocheted,No,12843.2,16206.37,Export
2023,2,Feb,Apparel Clothing: Not Knitted or Crocheted,No,2337.97,3084.67,Export
2023,2,Feb,Wood Sawn and Plied,Kgs,29600.0,2509.12,Export
2023,2,Feb,Cotton,Kgs,0.0,0.0,Export
2023,2,Feb,Skins and Hides,Kgs,0.0,0.0,Export
2023,2,Feb,Live Trees and Flowers,Kgs,0.0,0.0,Export
2023,2,Feb,Woven Fabric,Kgs,0.0,0.0,Export
2023,2,Feb,Coconut,Kgs,0.0,0.0,Export
2023,3,Mar,Other Exports,,0.0,20767434.84,Export
2023,3,Mar,Tea,Kgs,5541274.0,9396236.0,Export
2023,3,Mar,Soya Beans,Kgs,11967500.0,8672656.86,Export
2023,3,Mar,Tobacco,Kgs,1498043.0,5325258.0,Export
2023,3,Mar,Pulses,Kgs,5010180.0,4007101.56,Export
2023,3,Mar,Macadamia Nuts,Kgs,670672.96,2761146.73,Export
2023,3,Mar,Scrap Metal,Kgs,5242694.0,1535757.0,Export
2023,3,Mar,Groundnuts,Kgs,1241350.0,1270335.92,Export
2023,3,Mar,Sugar,Kgs,621450.0,546293.67,Export
2023,3,Mar,Natural Rubber,Kgs,270760.0,451885.21,Export
2023,3,Mar,Plastics and Other Articles Thereof,Kgs,204959.73,435272.79,Export
2023,3,Mar,Coffee,Kgs,78603.0,351080.76,Export
2023,3,Mar,Rice,Kgs,129910.0,123971.32,Export
2023,3,Mar,"Beverages, Spirits, Vinegar",Litres,264632.0,63141.05,Export
2023,3,Mar,Skins and Hides,Kgs,117000.0,52405.83,Export
2023,3,Mar,Wooden Furniture,Kgs,37362.0,21578.37,Export
2023,3,Mar,Spices,Kgs,42691.0,15295.79,Export
2023,3,Mar,Apparel Clothing: Not Knitted or Crocheted,No,2183.0,9584.55,Export
2023,3,Mar,Apparel Clothing: Knitted or Crocheted,No,650.0,8946.42,Export
2023,3,Mar,Fish,Kgs,21296.0,5815.43,Export
2023,3,Mar,Live Trees and Flowers,Kgs,1.0,3.86,Export
2023,3,Mar,Cotton,Kgs,0.0,0.0,Export
2023,3,Mar,Wood Sawn and Plied,Kgs,0.0,0.0,Export
2023,3,Mar,Woven Fabric,Kgs,0.0,0.0,Export
2023,3,Mar,Coconut,Kgs,0.0,0.0,Export
2023,4,Apr,Other Exports,,0.0,12416805.44,Export
2023,4,Apr,Pulses,Kgs,7738000.0,6723644.37,Export
2023,4,Apr,Tea,Kgs,3928715.0,6406973.0,Export
2023,4,Apr,Soya Beans,Kgs,6428000.0,4529858.9,Export
2023,4,Apr,Groundnuts,Kgs,1787600.0,1795410.94,Export
2023,4,Apr,Tobacco,Kgs,531394.0,1165996.0,Export
2023,4,Apr,Macadamia Nuts,Kgs,275011.8,933232.09,Export
2023,4,Apr,Scrap Metal,Kgs,2590218.0,873893.0,Export
2023,4,Apr,Plastics and Other Articles Thereof,Kgs,240493.85,594534.74,Export
2023,4,Apr,Natural Rubber,Kgs,307195.0,480704.92,Export
2023,4,Apr,Skins and Hides,Kgs,5265.0,246654.27,Export
2023,4,Apr,"Beverages, Spirits, Vinegar",Litres,174275.7,76611.05,Export
2023,4,Apr,Sugar,Kgs,56689.0,59603.92,Export
2023,4,Apr,Spices,Kgs,20264.5,37706.46,Export
2023,4,Apr,Wooden Furniture,Kgs,48730.0,35219.74,Export
2023,4,Apr,Rice,Kgs,30000.0,29994.34,Export
2023,4,Apr,Fish,Kgs,22111.0,13073.33,Export
2023,4,Apr,Coffee,Kgs,8298.0,9021.67,Export
2023,4,Apr,Wood Sawn and Plied,Kgs,14000.0,1254.59,Export
2023,4,Apr,Apparel Clothing: Not Knitted or Crocheted,No,12.3,660.48,Export
2023,4,Apr,Apparel Clothing: Knitted or Crocheted,No,17.0,634.69,Export
2023,4,Apr,Live Trees and Flowers,Kgs,38.0,38.6,Export
2023,4,Apr,Cotton,Kgs,0.0,0.0,Export
2023,4,Apr,Woven Fabric,Kgs,0.0,0.0,Export
2023,4,Apr,Coconut,Kgs,0.0,0.0,Export
2023,5,May,Other Exports,,0.0,13416267.96,Export
2023,5,May,Soya Beans,Kgs,18826035.7,12949843.02,Export
2023,5,May,Tea,Kgs,6358883.0,10372260.0,Export
2023,5,May,Tobacco,Kgs,2141020.0,7629938.0,Export
2023,5,May,Groundnuts,Kgs,6983810.0,6947990.89,Export
2023,5,May,Pulses,Kgs,4170164.0,3925848.72,Export
2023,5,May,Sugar,Kgs,4056690.1,2544385.74,Export
2023,5,May,Macadamia Nuts,Kgs,322479.3,1714665.47,Export
2023,5,May,Plastics and Other Articles Thereof,Kgs,390390.53,906964.13,Export
2023,5,May,Scrap Metal,Kgs,2440647.0,820080.0,Export
2023,5,May,Natural Rubber,Kgs,471240.0,775073.2,Export
2023,5,May,Cotton,Kgs,227002.9,327625.65,Export
2023,5,May,Coffee,Kgs,32287.5,149744.5,Export
2023,5,May,Wooden Furniture,Kgs,48526.0,85732.89,Export
2023,5,May,Spices,Kgs,21053.0,62592.19,Export
2023,5,May,"Beverages, Spirits, Vinegar",Litres,157276.3,53375.45,Export
2023,5,May,Woven Fabric,Kgs,23019.0,52443.77,Export
2023,5,May,Skins and Hides,Kgs,3000.0,35151.0,Export
2023,5,May,Apparel Clothing: Knitted or Crocheted,No,259.0,11141.46,Export
2023,5,May,Fish,Kgs,17553.0,10192.76,Export
2023,5,May,Apparel Clothing: Not Knitted or Crocheted,No,1681.5,3191.41,Export
2023,5,May,Rice,Kgs,320.0,49.22,Export
2023,5,May,Live Trees and Flowers,Kgs,14.0,6.28,Export
2023,5,May,Wood Sawn and Plied,Kgs,0.0,0.0,Export
2023,5,May,Coconut,Kgs,0.0,0.0,Export
2023,6,Jun,Tobacco,Kgs,8655488.0,33217947.0,Export
2023,6,Jun,Other Exports,,0.0,11755391.9,Export
2023,6,Jun,Sugar,Kgs,12366221.5,8962401.15,Export
2023,6,Jun,Tea,Kgs,4734614.0,7607038.0,Export
2023,6,Jun,Macadamia Nuts,Kgs,700403.3,3336000.63,Export
2023,6,Jun,Groundnuts,Kgs,2765670.5,2646714.24,Export
2023,6,Jun,Pulses,Kgs,3562013.0,2578954.84,Export
2023,6,Jun,Cotton,Kgs,988000.5,1416590.3,Export
2023,6,Jun,Soya Beans,Kgs,1480000.0,851619.77,Export
2023,6,Jun,Plastics and Other Articles Thereof,Kgs,301581.84,621038.86,Export
2023,6,Jun,Natural Rubber,Kgs,277200.0,424069.54,Export
2023,6,Jun,Skins and Hides,Kgs,1630.0,243579.47,Export
2023,6,Jun,"Beverages, Spirits, Vinegar",Litres,276037.0,206329.72,Export
2023,6,Jun,Woven Fabric,Kgs,72467.5,153348.01,Export
2023,6,Jun,Scrap Metal,Kgs,271282.0,147007.0,Export
2023,6,Jun,Spices,Kgs,22103.5,61714.2,Export
2023,6,Jun,Wooden Furniture,Kgs,47671.0,45919.0,Export
2023,6,Jun,Fish,Kgs,19796.5,7485.27,Export
2023,6,Jun,Apparel Clothing: Not Knitted or Crocheted,No,735.0,787.16,Export
2023,6,Jun,Live Trees and Flowers,Kgs,7311.0,341.6,Export
2023,6,Jun,Apparel Clothing: Knitted or Crocheted,No,3.5,22.47,Export
2023,6,Jun,Coffee,Kgs,105.5,20.08,Export
2023,6,Jun,Rice,Kgs,10.0,19.12,Export
2023,6,Jun,Wood Sawn and Plied,Kgs,0.0,0.0,Export
2023,6,Jun,Coconut,Kgs,0.0,0.0,Export
2023,7,Jul,Tobacco,Kgs,8649896.0,42148944.0,Export
2023,7,Jul,Pulses,Kgs,25418462.0,18404989.78,Export
2023,7,Jul,Other Exports,,0.0,15943802.41,Export
2023,7,Jul,Groundnuts,Kgs,8678670.5,8956099.11,Export
2023,7,Jul,Tea,Kgs,3284951.0,4875615.0,Export
2023,7,Jul,Soya Beans,Kgs,4606515.0,3795645.56,Export
2023,7,Jul,Sugar,Kgs,5260584.0,3741453.2,Export
2023,7,Jul,Macadamia Nuts,Kgs,453987.6,1811398.58,Export
2023,7,Jul,Plastics and Other Articles Thereof,Kgs,304898.4,771494.9,Export
2023,7,Jul,"Beverages, Spirits, Vinegar",Litres,499968.8,412601.77,Export
2023,7,Jul,Cotton,Kgs,280944.0,369576.66,Export
2023,7,Jul,Scrap Metal,Kgs,495418.0,181420.0,Export
2023,7,Jul,Natural Rubber,Kgs,83720.0,162318.8,Export
2023,7,Jul,Woven Fabric,Kgs,51975.9,118127.58,Export
2023,7,Jul,Spices,Kgs,31391.0,66631.93,Export
2023,7,Jul,Wooden Furniture,Kgs,37428.85,39123.97,Export
2023,7,Jul,Fish,Kgs,11581.0,1835.05,Export
2023,7,Jul,Coffee,Kgs,270.5,1352.35,Export
2023,7,Jul,Apparel Clothing: Not Knitted or Crocheted,No,1303.0,615.69,Export
2023,7,Jul,Apparel Clothing: Knitted or Crocheted,No,583.21,265.1,Export
2023,7,Jul,Rice,Kgs,20.0,50.0,Export
2023,7,Jul,Live Trees and Flowers,Kgs,5.6,3.76,Export
2023,7,Jul,Skins and Hides,Kgs,0.0,0.0,Export
2023,7,Jul,Wood Sawn and Plied,Kgs,0.0,0.0,Export
2023,7,Jul,Coconut,Kgs,0.0,0.0,Export
2023,8,Aug,Tobacco,Kgs,16384363.0,71901854.0,Export
2023,8,Aug,Other Exports,,0.0,14784127.77,Export
2023,8,Aug,Pulses,Kgs,21381640.0,13596318.18,Export
2023,8,Aug,Sugar,Kgs,10228965.8,7026727.66,Export
2023,8,Aug,Tea,Kgs,4510022.0,6377506.0,Export
2023,8,Aug,Groundnuts,Kgs,5695004.0,5842069.59,Export
2023,8,Aug,Soya Beans,Kgs,3826288.0,2558132.88,Export
2023,8,Aug,Cotton,Kgs,830832.0,1071445.57,Export
2023,8,Aug,Macadamia Nuts,Kgs,245953.22,1008017.2,Export
2023,8,Aug,Plastics and Other Articles Thereof,Kgs,306036.0,646755.73,Export
2023,8,Aug,"Beverages, Spirits, Vinegar",Litres,950386.0,330829.72,Export
2023,8,Aug,Scrap Metal,Kgs,674443.0,285687.0,Export
2023,8,Aug,Natural Rubber,Kgs,166320.0,226940.2,Export
2023,8,Aug,Spices,Kgs,42459.0,142090.46,Export
2023,8,Aug,Wooden Furniture,Kgs,83288.0,67757.82,Export
2023,8,Aug,Rice,Kgs,62005.0,59513.43,Export
2023,8,Aug,Skins and Hides,Kgs,5500.0,39193.74,Export
2023,8,Aug,Fish,Kgs,12397.0,11871.29,Export
2023,8,Aug,Apparel Clothing: Not Knitted or Crocheted,No,2516.0,673.31,Export
2023,8,Aug,Coconut,Kgs,300.0,136.95,Export
2023,8,Aug,Live Trees and Flowers,Kgs,3002.0,74.87,Export
2023,8,Aug,Coffee,Kgs,0.4,9.13,Export
2023,8,Aug,Apparel Clothing: Knitted or Crocheted,No,3.0,3.65,Export
2023,8,Aug,Wood Sawn and Plied,Kgs,0.0,0.0,Export
2023,8,Aug,Woven Fabric,Kgs,0.0,0.0,Export
2023,9,Sep,Tobacco,Kgs,15575512.0,74540893.0,Export
2023,9,Sep,Other Exports,,0.0,12480997.8,Export
2023,9,Sep,Pulses,Kgs,10549905.0,6951067.41,Export
2023,9,Sep,Groundnuts,Kgs,6477560.0,6073097.6,Export
2023,9,Sep,Tea,Kgs,3189359.0,4566817.0,Export
2023,9,Sep,Sugar,Kgs,5858384.5,4545963.34,Export
2023,9,Sep,Plastics and Other Articles Thereof,Kgs,287739.55,650715.9,Export
2023,9,Sep,Cotton,Kgs,296832.0,328581.12,Export
2023,9,Sep,Macadamia Nuts,Kgs,62473.6,315323.64,Export
2023,9,Sep,Soya Beans,Kgs,387800.0,291498.75,Export
2023,9,Sep,Natural Rubber,Kgs,140875.0,240625.6,Export
2023,9,Sep,Spices,Kgs,46771.5,188600.82,Export
2023,9,Sep,Woven Fabric,Kgs,90509.5,162079.73,Export
2023,9,Sep,Skins and Hides,Kgs,1070.0,122941.91,Export
2023,9,Sep,Scrap Metal,Kgs,171228.0,103011.0,Export
2023,9,Sep,"Beverages, Spirits, Vinegar",Litres,231861.0,92272.31,Export
2023,9,Sep,Wooden Furniture,Kgs,45738.0,14142.19,Export
2023,9,Sep,Fish,Kgs,13973.95,8468.42,Export
2023,9,Sep,Apparel Clothing: Not Knitted or Crocheted,No,2413.0,377.49,Export
2023,9,Sep,Wood Sawn and Plied,Kgs,6000.0,355.0,Export
2023,9,Sep,Rice,Kgs,1532.0,188.14,Export
2023,9,Sep,Apparel Clothing: Knitted or Crocheted,No,12.5,51.05,Export
2023,9,Sep,Coffee,Kgs,14.0,21.29,Export
2023,9,Sep,Live Trees and Flowers,Kgs,0.0,0.0,Export
2023,9,Sep,Coconut,Kgs,0.0,0.0,Export
2023,10,Oct,Tobacco,Kgs,17171893.0,65181002.0,Export
2023,10,Oct,Other Exports,,0.0,42922088.53,Export
2023,10,Oct,Sugar,Kgs,9377781.9,7413015.17,Export
2023,10,Oct,Groundnuts,Kgs,5930900.0,5265195.11,Export
2023,10,Oct,Pulses,Kgs,7730816.5,5128183.11,Export
2023,10,Oct,Tea,Kgs,2229685.0,3142881.0,Export
2023,10,Oct,Macadamia Nuts,Kgs,285129.44,1185930.62,Export
2023,10,Oct,Cotton,Kgs,563248.0,676926.36,Export
2023,10,Oct,Plastics and Other Articles Thereof,Kgs,430904.47,672176.36,Export
2023,10,Oct,Coffee,Kgs,108611.3,446578.66,Export
2023,10,Oct,Natural Rubber,Kgs,249480.0,382172.31,Export
2023,10,Oct,Woven Fabric,Kgs,149516.4,280140.13,Export
2023,10,Oct,Spices,Kgs,37200.0,93782.27,Export
2023,10,Oct,Soya Beans,Kgs,72000.0,47087.51,Export
2023,10,Oct,Rice,Kgs,30600.0,26993.2,Export
2023,10,Oct,"Beverages, Spirits, Vinegar",Litres,154086.8,26237.44,Export
2023,10,Oct,Skins and Hides,Kgs,2200.0,23750.0,Export
2023,10,Oct,Scrap Metal,Kgs,7566.0,17516.0,Export
2023,10,Oct,Wooden Furniture,Kgs,43857.8,14534.32,Export
2023,10,Oct,Fish,Kgs,17007.0,12085.49,Export
2023,10,Oct,Wood Sawn and Plied,Kgs,4000.0,4055.52,Export
2023,10,Oct,Apparel Clothing: Knitted or Crocheted,No,507.5,378.29,Export
2023,10,Oct,Apparel Clothing: Not Knitted or Crocheted,No,3.5,29.66,Export
2023,10,Oct,Live Trees and Flowers,Kgs,3.0,12.71,Export
2023,10,Oct,Coconut,Kgs,0.0,0.0,Export
2023,11,Nov,Tobacco,Kgs,18604294.0,62028752.0,Export
2023,11,Nov,Other Exports,,0.0,46535421.251,Export
2023,11,Nov,Groundnuts,Kgs,6355830.0,5311539.03,Export
2023,11,Nov,Tea,Kgs,2622981.0,3403914.0,Export
2023,11,Nov,Sugar,Kgs,2734482.3,1984297.21,Export
2023,11,Nov,Pulses,Kgs,1944106.5,1559146.76,Export
2023,11,Nov,Soya Beans,Kgs,1747600.0,807734.54,Export
2023,11,Nov,Macadamia Nuts,Kgs,196778.92,729220.61,Export
2023,11,Nov,Plastics and Other Articles Thereof,Kgs,292432.78,617451.19,Export
2023,11,Nov,Coffee,Kgs,80437.0,282818.49,Export
2023,11,Nov,Natural Rubber,Kgs,113155.0,182441.84,Export
2023,11,Nov,Woven Fabric,Kgs,74490.3,122547.22,Export
2023,11,Nov,Scrap Metal,Kgs,187725.0,68652.0,Export
2023,11,Nov,"Beverages, Spirits, Vinegar",Litres,215393.3,37114.2,Export
2023,11,Nov,Wooden Furniture,Kgs,38095.0,29609.74,Export
2023,11,Nov,Spices,Kgs,31742.5,23295.74,Export
2023,11,Nov,Fish,Kgs,23567.0,11917.3,Export
2023,11,Nov,Live Trees and Flowers,Kgs,7921.3,6892.63,Export
2023,11,Nov,Rice,Kgs,2420.0,541.63,Export
2023,11,Nov,Apparel Clothing: Not Knitted or Crocheted,No,68.0,77.02,Export
2023,11,Nov,Apparel Clothing: Knitted or Crocheted,No,6.0,13.79,Export
2023,11,Nov,Cotton,Kgs,0.0,0.0,Export
2023,11,Nov,Skins and Hides,Kgs,0.0,0.0,Export
2023,11,Nov,Wood Sawn and Plied,Kgs,0.0,0.0,Export
2023,11,Nov,Coconut,Kgs,0.0,0.0,Export
2023,12,Dec,Tobacco,Kgs,4802727.0,19107991.0,Export
2023,12,Dec,Other Exports,,0.0,10451874.3,Export
2023,12,Dec,Sugar,Kgs,7379554.9,6053167.4,Export
2023,12,Dec,Groundnuts,Kgs,4220386.2,3616241.06,Export
2023,12,Dec,Tea,Kgs,2349016.0,3558576.0,Export
2023,12,Dec,Pulses,Kgs,1498421.1,1284305.46,Export
2023,12,Dec,Soya Beans,Kgs,1853206.0,957631.25,Export
2023,12,Dec,Plastics and Other Articles Thereof,Kgs,277566.34,728496.84,Export
2023,12,Dec,Macadamia Nuts,Kgs,107366.02,361435.23,Export
2023,12,Dec,"Beverages, Spirits, Vinegar",Litres,377002.2,156567.14,Export
2023,12,Dec,Natural Rubber,Kgs,83160.0,131947.54,Export
2023,12,Dec,Skins and Hides,Kgs,700.0,128341.15,Export
2023,12,Dec,Scrap Metal,Kgs,119060.0,98758.0,Export
2023,12,Dec,Wooden Furniture,Kgs,84252.4,91276.57,Export
2023,12,Dec,Rice,Kgs,65845.0,65980.82,Export
2023,12,Dec,Coffee,Kgs,19213.0,54796.27,Export
2023,12,Dec,Woven Fabric,Kgs,23793.2,49950.53,Export
2023,12,Dec,Fish,Kgs,13262.0,9497.41,Export
2023,12,Dec,Spices,Kgs,28601.0,7194.53,Export
2023,12,Dec,Apparel Clothing: Knitted or Crocheted,No,1424.5,966.22,Export
2023,12,Dec,Wood Sawn and Plied,Kgs,14800.0,911.77,Export
2023,12,Dec,Apparel Clothing: Not Knitted or Crocheted,No,119.9,406.94,Export
2023,12,Dec,Live Trees and Flowers,Kgs,136.0,197.65,Export
2023,12,Dec,Cotton,Kgs,0.0,0.0,Export
2023,12,Dec,Coconut,Kgs,0.0,0.0,Export
2024,1,Jan,Tobacco,Kgs,4889848.0,19391229.0,Export
2024,1,Jan,Other Exports,,0.0,7247785.47,Export
2024,1,Jan,Tea,Kgs,3235618.0,5285307.0,Export
2024,1,Jan,Groundnuts,Kgs,3606600.0,2904818.71,Export
2024,1,Jan,Macadamia Nuts,Kgs,292649.84,753404.25,Export
2024,1,Jan,Wood Sawn and Plied,Kgs,1335765.75,689250.32,Export
2024,1,Jan,Soya Beans,Kgs,1292601.93,678712.65,Export
2024,1,Jan,Scrap Metal,Kgs,1578908.0,508017.0,Export
2024,1,Jan,Pulses,Kgs,502020.0,484455.65,Export
2024,1,Jan,Coffee,Kgs,110450.0,405891.37,Export
2024,1,Jan,Sugar,Kgs,414235.5,350155.02,Export
2024,1,Jan,Plastics and Other Articles Thereof,Kgs,164147.0,323560.0,Export
2024,1,Jan,Natural Rubber,Kgs,110881.0,184072.24,Export
2024,1,Jan,Woven Fabric,Kgs,55095.6,116265.83,Export
2024,1,Jan,"Beverages, Spirits, Vinegar",Litres,40810.0,50300.97,Export
2024,1,Jan,Skins and Hides,Kgs,71750.0,41978.36,Export
2024,1,Jan,Wooden Furniture,Kgs,23738.0,25695.76,Export
2024,1,Jan,Fish,Kgs,6053.7,1612.58,Export
2024,1,Jan,Apparel Clothing: Knitted or Crocheted,No,367.3,804.98,Export
2024,1,Jan,Spices,Kgs,6801.0,715.05,Export
2024,1,Jan,Rice,Kgs,840.0,338.26,Export
2024,1,Jan,Apparel Clothing: Not Knitted or Crocheted,No,2.5,9.65,Export
2024,1,Jan,Live Trees and Flowers,Kgs,2.7,5.88,Export
2024,1,Jan,Cotton,Kgs,0.0,0.0,Export
2024,1,Jan,Coconut,Kgs,0.0,0.0,Export
2024,2,Feb,Tobacco,Kgs,4615074.0,20479200.0,Export
2024,2,Feb,Other Exports,,0.0,17144315.96,Export
2024,2,Feb,Tea,Kgs,3645467.0,5903107.0,Export
2024,2,Feb,Soya Beans,Kgs,8050859.5,3884547.45,Export
2024,2,Feb,Groundnuts,Kgs,2873352.5,2345408.77,Export
2024,2,Feb,Pulses,Kgs,1604561.0,1177951.88,Export
2024,2,Feb,Macadamia Nuts,Kgs,419626.2,1136704.57,Export
2024,2,Feb,Scrap Metal,Kgs,3092210.0,798089.0,Export
2024,2,Feb,Wood Sawn and Plied,Kgs,1327357.55,750121.05,Export
2024,2,Feb,Natural Rubber,Kgs,252000.0,395645.78,Export
2024,2,Feb,Coffee,Kgs,100809.9,345133.45,Export
2024,2,Feb,Sugar,Kgs,361722.5,306898.4,Export
2024,2,Feb,Plastics and Other Articles Thereof,Kgs,139773.0,231504.0,Export
2024,2,Feb,Woven Fabric,Kgs,57684.6,127611.05,Export
2024,2,Feb,"Beverages, Spirits, Vinegar",Litres,20191.0,47868.29,Export
2024,2,Feb,Skins and Hides,Kgs,138000.0,21181.02,Export
2024,2,Feb,Wooden Furniture,Kgs,36111.0,7165.43,Export
2024,2,Feb,Fish,Kgs,11166.0,6514.98,Export
2024,2,Feb,Spices,Kgs,4903.0,417.58,Export
2024,2,Feb,Apparel Clothing: Knitted or Crocheted,No,2.5,61.33,Export
2024,2,Feb,Apparel Clothing: Not Knitted or Crocheted,No,10.0,22.36,Export
2024,2,Feb,Live Trees and Flowers,Kgs,4.5,17.65,Export
2024,2,Feb,Rice,Kgs,4.5,15.0,Export
2024,2,Feb,Cotton,Kgs,0.0,0.0,Export
2024,2,Feb,Coconut,Kgs,0.0,0.0,Export
2024,3,Mar,Other Exports,,0.0,10923105.94,Export
2024,3,Mar,Tobacco,Kgs,2502998.0,10389832.0,Export
2024,3,Mar,Tea,Kgs,5165706.0,8268102.0,Export
2024,3,Mar,Groundnuts,Kgs,3305079.0,3017265.06,Export
2024,3,Mar,Macadamia Nuts,Kgs,635961.0,2726922.41,Export
2024,3,Mar,Soya Beans,Kgs,5112750.0,2494524.66,Export
2024,3,Mar,Scrap Metal,Kgs,3204036.0,716924.0,Export
2024,3,Mar,Pulses,Kgs,569576.0,480361.7,Export
2024,3,Mar,Wood Sawn and Plied,Kgs,990816.2,474922.15,Export
2024,3,Mar,Coffee,Kgs,198512.0,419883.85,Export
2024,3,Mar,Plastics and Other Articles Thereof,Kgs,188489.0,399397.0,Export
2024,3,Mar,Natural Rubber,Kgs,196315.0,318827.44,Export
2024,3,Mar,Woven Fabric,Kgs,101237.2,157215.85,Export
2024,3,Mar,Sugar,Kgs,85416.0,86842.39,Export
2024,3,Mar,Wooden Furniture,Kgs,50620.1,60153.42,Export
2024,3,Mar,Skins and Hides,Kgs,2450.0,31526.65,Export
2024,3,Mar,Spices,Kgs,13303.5,29890.67,Export
2024,3,Mar,"Beverages, Spirits, Vinegar",Litres,363.0,28558.59,Export
2024,3,Mar,Fish,Kgs,5743.0,12354.93,Export
2024,3,Mar,Apparel Clothing: Not Knitted or Crocheted,No,734.3,2057.45,Export
2024,3,Mar,Rice,Kgs,12600.0,571.06,Export
2024,3,Mar,Apparel Clothing: Knitted or Crocheted,No,48.0,494.92,Export
2024,3,Mar,Live Trees and Flowers,Kgs,31.8,89.86,Export
2024,3,Mar,Cotton,Kgs,0.0,0.0,Export
2024,3,Mar,Coconut,Kgs,0.0,0.0,Export
2024,4,Apr,Other Exports,,0.0,7529979.77,Export
2024,4,Apr,Tea,Kgs,4505925.0,7111897.0,Export
2024,4,Apr,Tobacco,Kgs,1555823.0,6942564.0,Export
2024,4,Apr,Groundnuts,Kgs,3229791.0,2981986.42,Export
2024,4,Apr,Macadamia Nuts,Kgs,484281.0,2095216.66,Export
2024,4,Apr,Pulses,Kgs,2308600.0,1604070.66,Export
2024,4,Apr,Wood Sawn and Plied,Kgs,1611297.9,840618.45,Export
2024,4,Apr,Natural Rubber,Kgs,388080.0,631748.26,Export
2024,4,Apr,Plastics and Other Articles Thereof,Kgs,259990.0,467663.0,Export
2024,4,Apr,Scrap Metal,Kgs,1459672.0,345756.0,Export
2024,4,Apr,Coffee,Kgs,55905.0,120462.83,Export
2024,4,Apr,Soya Beans,Kgs,152052.7,105957.86,Export
2024,4,Apr,Woven Fabric,Kgs,56654.6,94928.64,Export
2024,4,Apr,Sugar,Kgs,28976.5,30012.46,Export
2024,4,Apr,Spices,Kgs,2735.5,24047.25,Export
2024,4,Apr,Rice,Kgs,10150.0,18268.23,Export
2024,4,Apr,Wooden Furniture,Kgs,56224.0,10908.26,Export
2024,4,Apr,Fish,Kgs,16370.0,6030.06,Export
2024,4,Apr,"Beverages, Spirits, Vinegar",Litres,3256.0,4701.9,Export
2024,4,Apr,Apparel Clothing: Not Knitted or Crocheted,No,16642.0,4628.89,Export
2024,4,Apr,Apparel Clothing: Knitted or Crocheted,No,177.5,3551.28,Export
2024,4,Apr,Skins and Hides,Kgs,23000.0,3530.12,Export
2024,4,Apr,Cotton,Kgs,0.0,0.0,Export
2024,4,Apr,Live Trees and Flowers,Kgs,0.0,0.0,Export
2024,4,Apr,Coconut,Kgs,0.0,0.0,Export
2024,5,May,Other Exports,,0.0,17744035.7,Export
2024,5,May,Tea,Kgs,4837508.0,7908488.0,Export
2024,5,May,Macadamia Nuts,Kgs,628165.4,3168408.417,Export
2024,5,May,Tobacco,Kgs,481657.0,1950647.78,Export
2024,5,May,Groundnuts,Kgs,2129085.0,1761079.68,Export
2024,5,May,Pulses,Kgs,2131063.6,1415984.72,Export
2024,5,May,Wood Sawn and Plied,Kgs,1725140.15,838982.37,Export
2024,5,May,Natural Rubber,Kgs,334915.0,602592.76,Export
2024,5,May,Scrap Metal,Kgs,2122323.8,537441.03,Export
2024,5,May,Plastics and Other Articles Thereof,Kgs,285196.0,515435.0,Export
2024,5,May,Cotton,Kgs,208001.0,302833.39,Export
2024,5,May,Skins and Hides,Kgs,22335.0,267023.44,Export
2024,5,May,Coffee,Kgs,55674.0,205961.2,Export
2024,5,May,Woven Fabric,Kgs,76172.4,135904.43,Export
2024,5,May,Sugar,Kgs,112514.0,108400.66,Export
2024,5,May,Wooden Furniture,Kgs,74754.0,103298.68,Export
2024,5,May,"Beverages, Spirits, Vinegar",Litres,82153.0,52782.26,Export
2024,5,May,Soya Beans,Kgs,30001.0,21731.46,Export
2024,5,May,Apparel Clothing: Not Knitted or Crocheted,No,14110.5,12039.78,Export
2024,5,May,Fish,Kgs,11225.0,6667.18,Export
2024,5,May,Live Trees and Flowers,Kgs,10070.9,6090.72,Export
2024,5,May,Spices,Kgs,14100.0,2486.38,Export
2024,5,May,Apparel Clothing: Knitted or Crocheted,No,1001.0,563.0,Export
2024,5,May,Rice,Kgs,1526.0,371.02,Export
2024,5,May,Coconut,Kgs,0.0,0.0,Export
2024,6,Jun,Tobacco,Kgs,5508842.59,23705678.82,Export
2024,6,Jun,Tea,Kgs,4582578.0,7059116.46,Export
2024,6,Jun,Other Exports,,0.0,7025667.78,Export
2024,6,Jun,Groundnuts,Kgs,4114817.0,5044145.91,Export
2024,6,Jun,Pulses,Kgs,3981092.0,2679211.76,Export
2024,6,Jun,Sugar,Kgs,3326660.0,2411028.41,Export
2024,6,Jun,Macadamia Nuts,Kgs,438397.24,2001230.39,Export
2024,6,Jun,Cotton,Kgs,613319.6,868103.27,Export
2024,6,Jun,Wood Sawn and Plied,Kgs,1461748.95,716861.43,Export
2024,6,Jun,Scrap Metal,Kgs,2479115.75,655119.74,Export
2024,6,Jun,Plastics and Other Articles Thereof,Kgs,227063.97,529064.35,Export
2024,6,Jun,Natural Rubber,Kgs,249480.0,420290.64,Export
2024,6,Jun,Coffee,Kgs,40743.0,154826.85,Export
2024,6,Jun,"Beverages, Spirits, Vinegar",Litres,86940.0,117900.65,Export
2024,6,Jun,Wooden Furniture,Kgs,43447.0,42831.03,Export
2024,6,Jun,Spices,Kgs,13130.4,41244.77,Export
2024,6,Jun,Woven Fabric,Kgs,27578.5,38244.57,Export
2024,6,Jun,Live Trees and Flowers,Kgs,12176.0,16768.71,Export
2024,6,Jun,Soya Beans,Kgs,10301.0,8488.73,Export
2024,6,Jun,Apparel Clothing: Not Knitted or Crocheted,No,8401.0,8218.33,Export
2024,6,Jun,Fish,Kgs,8076.0,8089.78,Export
2024,6,Jun,Rice,Kgs,12005.0,2872.65,Export
2024,6,Jun,Apparel Clothing: Knitted or Crocheted,No,57.1,141.83,Export
2024,6,Jun,Skins and Hides,Kgs,0.0,0.0,Export
2024,6,Jun,Coconut,Kgs,0.0,0.0,Export
2024,7,Jul,Tobacco,Kgs,7861038.11,38832939.56,Export
2024,7,Jul,Pulses,Kgs,29307461.0,18603916.74,Export
2024,7,Jul,Other Exports,,0.0,13328431.91,Export
2024,7,Jul,Tea,Kgs,3701475.3,5502288.68,Export
2024,7,Jul,Macadamia Nuts,Kgs,432416.74,1957324.12,Export
2024,7,Jul,Wood Sawn and Plied,Kgs,2461733.85,1213270.36,Export
2024,7,Jul,Groundnuts,Kgs,923524.01,769940.57,Export
2024,7,Jul,Natural Rubber,Kgs,415800.0,724880.73,Export
2024,7,Jul,Scrap Metal,Kgs,2583496.51,689376.76,Export
2024,7,Jul,Sugar,Kgs,663729.5,559559.71,Export
2024,7,Jul,Plastics and Other Articles Thereof,Kgs,264098.41,550244.24,Export
2024,7,Jul,Spices,Kgs,52202.0,309469.88,Export
2024,7,Jul,Cotton,Kgs,197888.0,225345.2,Export
2024,7,Jul,"Beverages, Spirits, Vinegar",Litres,207531.0,214129.6,Export
2024,7,Jul,Woven Fabric,Kgs,111533.3,154625.81,Export
2024,7,Jul,Wooden Furniture,Kgs,49349.46,29400.24,Export
2024,7,Jul,Soya Beans,Kgs,22500.0,17171.11,Export
2024,7,Jul,Skins and Hides,Kgs,46000.0,4753.44,Export
2024,7,Jul,Fish,Kgs,10764.6,3030.22,Export
2024,7,Jul,Coffee,Kgs,1041.0,2600.0,Export
2024,7,Jul,Apparel Clothing: Not Knitted or Crocheted,No,3527.5,2375.65,Export
2024,7,Jul,Rice,Kgs,2883.0,853.4,Export
2024,7,Jul,Apparel Clothing: Knitted or Crocheted,No,145.5,296.5,Export
2024,7,Jul,Live Trees and Flowers,Kgs,154.0,166.43,Export
2024,7,Jul,Coconut,Kgs,0.0,0.0,Export
2024,8,Aug,Tobacco,Kgs,22607605.5,126541796.74,Export
2024,8,Aug,Pulses,Kgs,36759505.1,28260181.82,Export
2024,8,Aug,Other Exports,,0.0,10930636.414,Export
2024,8,Aug,Groundnuts,Kgs,5908177.0,6766080.75,Export
2024,8,Aug,Tea,Kgs,3710077.7,5013942.76,Export
2024,8,Aug,Sugar,Kgs,1910162.0,1576806.67,Export
2024,8,Aug,Macadamia Nuts,Kgs,303433.67,1364715.09,Export
2024,8,Aug,Wood Sawn and Plied,Kgs,1694300.85,864978.09,Export
2024,8,Aug,Plastics and Other Articles Thereof,Kgs,416113.76,831962.12,Export
2024,8,Aug,Scrap Metal,Kgs,2059791.5,598165.12,Export
2024,8,Aug,Natural Rubber,Kgs,249480.0,429665.47,Export
2024,8,Aug,Cotton,Kgs,172168.0,264274.67,Export
2024,8,Aug,"Beverages, Spirits, Vinegar",Litres,177596.0,215037.39,Export
2024,8,Aug,Woven Fabric,Kgs,112835.1,161896.64,Export
2024,8,Aug,Soya Beans,Kgs,44000.0,31708.8,Export
2024,8,Aug,Wooden Furniture,Kgs,58163.0,20605.14,Export
2024,8,Aug,Skins and Hides,Kgs,48000.0,13500.18,Export
2024,8,Aug,Fish,Kgs,11762.5,2876.31,Export
2024,8,Aug,Apparel Clothing: Not Knitted or Crocheted,No,1741.0,2814.87,Export
2024,8,Aug,Spices,Kgs,5686.0,1422.2,Export
2024,8,Aug,Rice,Kgs,6660.4,901.65,Export
2024,8,Aug,Apparel Clothing: Knitted or Crocheted,No,620.0,286.84,Export
2024,8,Aug,Coffee,Kgs,7.0,27.41,Export
2024,8,Aug,Live Trees and Flowers,Kgs,0.0,0.0,Export
2024,8,Aug,Coconut,Kgs,0.0,0.0,Export
2024,9,Sep,Tobacco,Kgs,17467897.68,93851311.88,Export
2024,9,Sep,Pulses,Kgs,17119382.0,13700174.29,Export
2024,9,Sep,Other Exports,,0.0,7261580.85000002,Export
2024,9,Sep,Tea,Kgs,2930857.3,4302214.28,Export
2024,9,Sep,Wood Sawn and Plied,Kgs,1414349.5,714595.39,Export
2024,9,Sep,Plastics and Other Articles Thereof,Kgs,246399.79,451033.91,Export
2024,9,Sep,Macadamia Nuts,Kgs,88065.56,433036.77,Export
2024,9,Sep,Natural Rubber,Kgs,224035.0,429952.6,Export
2024,9,Sep,Groundnuts,Kgs,323460.0,408653.05,Export
2024,9,Sep,Scrap Metal,Kgs,1485444.5,388889.68,Export
2024,9,Sep,Cotton,Kgs,222356.0,341308.0,Export
2024,9,Sep,Coffee,Kgs,64325.0,240282.69,Export
2024,9,Sep,Soya Beans,Kgs,119303.4,188798.38,Export
2024,9,Sep,Skins and Hides,Kgs,1340.0,184947.67,Export
2024,9,Sep,Woven Fabric,Kgs,84263.8,116824.78,Export
2024,9,Sep,Spices,Kgs,21641.5,108546.26,Export
2024,9,Sep,"Beverages, Spirits, Vinegar",Litres,80122.0,103161.91,Export
2024,9,Sep,Sugar,Kgs,57527.0,58117.8,Export
2024,9,Sep,Wooden Furniture,Kgs,60176.0,28518.59,Export
2024,9,Sep,Fish,Kgs,11478.0,11525.25,Export
2024,9,Sep,Rice,Kgs,3924.0,976.3,Export
2024,9,Sep,Apparel Clothing: Not Knitted or Crocheted,No,10.0,25.7,Export
2024,9,Sep,Apparel Clothing: Knitted or Crocheted,No,0.5,5.71,Export
2024,9,Sep,Live Trees and Flowers,Kgs,0.0,0.0,Export
2024,9,Sep,Coconut,Kgs,0.0,0.0,Export
2024,10,Oct,Tobacco,Kgs,12394285.5,58800642.53,Export
2024,10,Oct,Other Exports,,0.0,8069713.22,Export
2024,10,Oct,Pulses,Kgs,8345969.0,6694312.95,Export
2024,10,Oct,Tea,Kgs,2719640.3,3778218.6,Export
2024,10,Oct,Sugar,Kgs,2306815.0,2165510.01,Export
2024,10,Oct,Groundnuts,Kgs,1837076.0,2138415.81,Export
2024,10,Oct,Coffee,Kgs,171631.0,623178.2,Export
2024,10,Oct,Plastics and Other Articles Thereof,Kgs,343728.39,547074.69,Export
2024,10,Oct,Scrap Metal,Kgs,2125948.92,478516.93,Export
2024,10,Oct,Natural Rubber,Kgs,247620.0,463179.51,Export
2024,10,Oct,Wood Sawn and Plied,Kgs,1205600.0,458906.9,Export
2024,10,Oct,Woven Fabric,Kgs,85680.6,118794.47,Export
2024,10,Oct,Spices,Kgs,16191.5,98733.22,Export
2024,10,Oct,Macadamia Nuts,Kgs,11898.16,71868.14,Export
2024,10,Oct,Soya Beans,Kgs,56000.0,42931.35,Export
2024,10,Oct,Wooden Furniture,Kgs,59825.31,17084.97,Export
2024,10,Oct,Fish,Kgs,6308.5,11077.32,Export
2024,10,Oct,"Beverages, Spirits, Vinegar",Litres,27.0,1395.97,Export
2024,10,Oct,Apparel Clothing: Not Knitted or Crocheted,No,1308.0,1284.98,Export
2024,10,Oct,Rice,Kgs,1405.0,319.83,Export
2024,10,Oct,Apparel Clothing: Knitted or Crocheted,No,10.0,56.29,Export
2024,10,Oct,Cotton,Kgs,0.0,0.0,Export
2024,10,Oct,Skins and Hides,Kgs,0.0,0.0,Export
2024,10,Oct,Live Trees and Flowers,Kgs,0.0,0.0,Export
2024,10,Oct,Coconut,Kgs,0.0,0.0,Export
2024,11,Nov,Tobacco,Kgs,19377887.11,104300493.24,Export
2024,11,Nov,Other Exports,,0.0,31212887.23,Export
2024,11,Nov,Pulses,Kgs,4428369.0,4118465.65,Export
2024,11,Nov,Tea,Kgs,2687392.5,3773741.34,Export
2024,11,Nov,Sugar,Kgs,1590026.0,1226573.87,Export
2024,11,Nov,Wood Sawn and Plied,Kgs,1465890.5,978242.85,Export
2024,11,Nov,Groundnuts,Kgs,721085.0,849478.91,Export
2024,11,Nov,Plastics and Other Articles Thereof,Kgs,379670.16,566164.75,Export
2024,11,Nov,Coffee,Kgs,113540.3,548099.02,Export
2024,11,Nov,Scrap Metal,Kgs,2204000.0,533489.8,Export
2024,11,Nov,Natural Rubber,Kgs,278453.0,488675.0,Export
2024,11,Nov,Skins and Hides,Kgs,1503.0,195202.96,Export
2024,11,Nov,Woven Fabric,Kgs,55807.7,94832.64,Export
2024,11,Nov,"Beverages, Spirits, Vinegar",Litres,45956.0,62812.88,Export
2024,11,Nov,Spices,Kgs,23285.5,46127.92,Export
2024,11,Nov,Macadamia Nuts,Kgs,50355.5,34090.36,Export
2024,11,Nov,Rice,Kgs,33020.0,33088.79,Export
2024,11,Nov,Soya Beans,Kgs,37603.0,25765.48,Export
2024,11,Nov,Wooden Furniture,Kgs,52762.0,14172.5,Export
2024,11,Nov,Fish,Kgs,5076.0,8413.6,Export
2024,11,Nov,Apparel Clothing: Not Knitted or Crocheted,No,1200.0,970.95,Export
2024,11,Nov,Apparel Clothing: Knitted or Crocheted,No,39.0,55.98,Export
2024,11,Nov,Cotton,Kgs,0.0,0.0,Export
2024,11,Nov,Live Trees and Flowers,Kgs,0.0,0.0,Export
2024,11,Nov,Coconut,Kgs,0.0,0.0,Export
2024,12,Dec,Tobacco,Kgs,8640655.5,39740632.17,Export
2024,12,Dec,Other Exports,,0.0,11976455.21,Export
2024,12,Dec,Tea,Kgs,3156261.5,4814574.19,Export
2024,12,Dec,Groundnuts,Kgs,2296470.0,2710730.67,Export
2024,12,Dec,Pulses,Kgs,1840300.0,1807372.27,Export
2024,12,Dec,Sugar,Kgs,1256012.0,966826.55,Export
2024,12,Dec,Scrap Metal,Kgs,2798350.0,716057.53,Export
2024,12,Dec,Plastics and Other Articles Thereof,Kgs,367360.76,704228.78,Export
2024,12,Dec,Coffee,Kgs,97900.3,379103.84,Export
2024,12,Dec,Woven Fabric,Kgs,169558.9,293850.63,Export
2024,12,Dec,Wood Sawn and Plied,Kgs,323572.0,175260.77,Export
2024,12,Dec,"Beverages, Spirits, Vinegar",Litres,46214.0,66645.12,Export
2024,12,Dec,Natural Rubber,Kgs,27720.0,57657.6,Export
2024,12,Dec,Wooden Furniture,Kgs,38150.0,47168.69,Export
2024,12,Dec,Spices,Kgs,12809.5,45093.05,Export
2024,12,Dec,Rice,Kgs,33972.0,34081.93,Export
2024,12,Dec,Fish,Kgs,6663.0,21133.63,Export
2024,12,Dec,Live Trees and Flowers,Kgs,16000.0,10685.27,Export
2024,12,Dec,Cotton,Kgs,40.0,78.67,Export
2024,12,Dec,Macadamia Nuts,Kgs,2.5,40.3,Export
2024,12,Dec,Apparel Clothing: Knitted or Crocheted,No,6.5,12.57,Export
2024,12,Dec,Apparel Clothing: Not Knitted or Crocheted,No,4.5,6.0,Export
2024,12,Dec,Soya Beans,Kgs,4.0,2.0,Export
2024,12,Dec,Skins and Hides,Kgs,0.0,0.0,Export
2024,12,Dec,Coconut,Kgs,0.0,0.0,Export
2025,1,Jan,Other Exports,,0.0,68697436.21,Export
2025,1,Jan,Tobacco,Kgs,10003159.65,45234611.32,Export
2025,1,Jan,Tea,Kgs,3556835.9,5545145.46,Export
2025,1,Jan,Pulses,Kgs,2305174.0,1984806.0,Export
2025,1,Jan,Groundnuts,Kgs,1310534.0,1630772.33,Export
2025,1,Jan,Sugar,Kgs,1050000.5,708664.99,Export
2025,1,Jan,Scrap Metal,Kgs,2253359.6,609479.41,Export
2025,1,Jan,Macadamia Nuts,Kgs,83234.5,513469.78,Export
2025,1,Jan,Natural Rubber,Kgs,222040.0,493278.6,Export
2025,1,Jan,Coffee,Kgs,108643.5,449432.95,Export
2025,1,Jan,Plastics and Other Articles Thereof,Kgs,202209.49,396212.25,Export
2025,1,Jan,"Beverages, Spirits, Vinegar",Litres,260089.0,382459.31,Export
2025,1,Jan,Rice,Kgs,37725.0,38331.09,Export
2025,1,Jan,Live Trees and Flowers,Kgs,12000.0,12556.98,Export
2025,1,Jan,Wooden Furniture,Kgs,20778.5,11435.38,Export
2025,1,Jan,Fish,Kgs,3131.0,2944.76,Export
2025,1,Jan,Apparel Clothing: Knitted or Crocheted,No,1541.0,2110.43,Export
2025,1,Jan,Apparel Clothing: Not Knitted or Crocheted,No,2057.5,1812.08,Export
2025,1,Jan,Spices,Kgs,11876.5,1788.18,Export
2025,1,Jan,Woven Fabric,Kgs,40.0,900.0,Export
2025,1,Jan,Wood Sawn and Plied,Kgs,6000.0,228.44,Export
2025,1,Jan,Soya Beans,Kgs,1.0,11.42,Export
2025,1,Jan,Coconut,Kgs,0.3,2.56,Export
2025,1,Jan,Cotton,Kgs,0.0,0.0,Export
2025,1,Jan,Skins and Hides,Kgs,0.0,0.0,Export
2025,2,Feb,Tobacco,Kgs,3038333.9,11269559.75,Export
2025,2,Feb,Tea,Kgs,3919204.5,6162216.19,Export
2025,2,Feb,Other Exports,,0.0,5732472.32,Export
2025,2,Feb,Pulses,Kgs,4453066.0,2601232.24,Export
2025,2,Feb,Macadamia Nuts,Kgs,382232.5,1789193.27,Export
2025,2,Feb,Sugar,Kgs,1980004.0,1518082.95,Export
2025,2,Feb,Groundnuts,Kgs,1070520.0,1250775.58,Export
2025,2,Feb,Plastics and Other Articles Thereof,Kgs,248745.5,546645.12,Export
2025,2,Feb,Wood Sawn and Plied,Kgs,1159885.75,534658.43,Export
2025,2,Feb,Natural Rubber,Kgs,224035.0,492877.0,Export
2025,2,Feb,Scrap Metal,Kgs,1923500.0,480901.79,Export
2025,2,Feb,"Beverages, Spirits, Vinegar",Litres,461054.5,137058.18,Export
2025,2,Feb,Wooden Furniture,Kgs,44275.0,33082.88,Export
2025,2,Feb,Soya Beans,Kgs,30140.0,9368.4,Export
2025,2,Feb,Coffee,Kgs,7102.01,6476.17,Export
2025,2,Feb,Fish,Kgs,3074.0,4578.34,Export
2025,2,Feb,Spices,Kgs,8994.5,1878.46,Export
2025,2,Feb,Apparel Clothing: Not Knitted or Crocheted,No,2819.0,1442.85,Export
2025,2,Feb,Rice,Kgs,1556.0,651.06,Export
2025,2,Feb,Live Trees and Flowers,Kgs,302.0,245.57,Export
2025,2,Feb,Apparel Clothing: Knitted or Crocheted,No,46.0,203.67,Export
2025,2,Feb,Cotton,Kgs,60.0,57.11,Export
2025,2,Feb,Skins and Hides,Kgs,0.0,0.0,Export
2025,2,Feb,Woven Fabric,Kgs,0.0,0.0,Export
2025,2,Feb,Coconut,Kgs,0.0,0.0,Export
2025,3,Mar,Tea,Kgs,4671110.5,7234499.52,Export
2025,3,Mar,Other Exports,,0.0,5848900.97,Export
2025,3,Mar,Macadamia Nuts,Kgs,722394.68,4453732.67,Export
2025,3,Mar,Pulses,Kgs,4953134.5,3713491.87,Export
2025,3,Mar,Sugar,Kgs,3877442.4,3414163.28,Export
2025,3,Mar,Tobacco,Kgs,823503.6,3032588.97,Export
2025,3,Mar,Groundnuts,Kgs,1299435.0,1465960.13,Export
2025,3,Mar,Plastics and Other Articles Thereof,Kgs,387947.26,431554.12,Export
2025,3,Mar,Scrap Metal,Kgs,677784.0,231825.29,Export
2025,3,Mar,Natural Rubber,Kgs,55720.0,140883.47,Export
2025,3,Mar,Wooden Furniture,Kgs,21804.0,28725.01,Export
2025,3,Mar,Fish,Kgs,5415.5,17042.6,Export
2025,3,Mar,Coffee,Kgs,26821.0,17034.57,Export
2025,3,Mar,"Beverages, Spirits, Vinegar",Litres,29003.9,5160.82,Export
2025,3,Mar,Skins and Hides,Kgs,125000.0,5000.25,Export
2025,3,Mar,Soya Beans,Kgs,16510.0,4456.56,Export
2025,3,Mar,Apparel Clothing: Knitted or Crocheted,No,2154.0,1715.05,Export
2025,3,Mar,Woven Fabric,Kgs,219.0,1490.07,Export
2025,3,Mar,Apparel Clothing: Not Knitted or Crocheted,No,1285.25,1139.37,Export
2025,3,Mar,Rice,Kgs,1331.5,376.09,Export
2025,3,Mar,Spices,Kgs,879.0,239.73,Export
2025,3,Mar,Cotton,Kgs,0.0,0.0,Export
2025,3,Mar,Live Trees and Flowers,Kgs,0.0,0.0,Export
2025,3,Mar,Wood Sawn and Plied,Kgs,0.0,0.0,Export
2025,3,Mar,Coconut,Kgs,0.0,0.0,Export
2025,4,Apr,Tea,Kgs,4388931.0,6732016.43,Export
2025,4,Apr,Other Exports,,0.0,6592424.51,Export
2025,4,Apr,Tobacco,Kgs,865770.9,3415693.41,Export
2025,4,Apr,Macadamia Nuts,Kgs,574396.54,3251570.84,Export
2025,4,Apr,Pulses,Kgs,1965250.0,1591439.02,Export
2025,4,Apr,Groundnuts,Kgs,1260750.0,1358092.69,Export
2025,4,Apr,Sugar,Kgs,1235094.9,813448.22,Export
2025,4,Apr,Natural Rubber,Kgs,380380.0,707583.59,Export
2025,4,Apr,Wood Sawn and Plied,Kgs,290030.0,526412.66,Export
2025,4,Apr,Plastics and Other Articles Thereof,Kgs,143737.88,473609.77,Export
2025,4,Apr,Scrap Metal,Kgs,1356060.0,237318.38,Export
2025,4,Apr,"Beverages, Spirits, Vinegar",Litres,78138.0,194395.67,Export
2025,4,Apr,Fish,Kgs,6790.5,8673.43,Export
2025,4,Apr,Rice,Kgs,24515.0,8031.45,Export
2025,4,Apr,Soya Beans,Kgs,11000.0,7407.67,Export
2025,4,Apr,Wooden Furniture,Kgs,17974.0,7314.59,Export
2025,4,Apr,Apparel Clothing: Not Knitted or Crocheted,No,1330.9,872.16,Export
2025,4,Apr,Spices,Kgs,496.0,179.45,Export
2025,4,Apr,Coffee,Kgs,22.5,8.57,Export
2025,4,Apr,Apparel Clothing: Knitted or Crocheted,No,2.5,6.28,Export
2025,4,Apr,Cotton,Kgs,0.0,0.0,Export
2025,4,Apr,Skins and Hides,Kgs,0.0,0.0,Export
2025,4,Apr,Live Trees and Flowers,Kgs,0.0,0.0,Export
2025,4,Apr,Woven Fabric,Kgs,0.0,0.0,Export
2025,4,Apr,Coconut,Kgs,0.0,0.0,Export
2025,5,May,Tobacco,Kgs,2207522.0,10747446.19,Export
2025,5,May,Tea,Kgs,5199572.5,7589991.79,Export
2025,5,May,Other Exports,,0.0,7240891.59,Export
2025,5,May,Macadamia Nuts,Kgs,561581.52,3293235.31,Export
2025,5,May,Pulses,Kgs,1623130.0,1581178.04,Export
2025,5,May,Sugar,Kgs,1440945.5,1092869.37,Export
2025,5,May,Groundnuts,Kgs,878000.0,1001924.79,Export
2025,5,May,Plastics and Other Articles Thereof,Kgs,374851.31,671625.38,Export
2025,5,May,Natural Rubber,Kgs,277480.0,550241.38,Export
2025,5,May,Cotton,Kgs,179945.134,324292.36,Export
2025,5,May,Scrap Metal,Kgs,1490094.0,292902.7,Export
2025,5,May,Spices,Kgs,16295.0,164190.69,Export
2025,5,May,"Beverages, Spirits, Vinegar",Litres,18196.0,26691.43,Export
2025,5,May,Fish,Kgs,6773.5,16679.05,Export
2025,5,May,Wooden Furniture,Kgs,9537.0,7837.18,Export
2025,5,May,Soya Beans,Kgs,8002.3,4399.14,Export
2025,5,May,Coffee,Kgs,1062.7,2635.25,Export
2025,5,May,Apparel Clothing: Not Knitted or Crocheted,No,548.4,798.64,Export
2025,5,May,Apparel Clothing: Knitted or Crocheted,No,220.0,208.53,Export
2025,5,May,Live Trees and Flowers,Kgs,300.0,34.28,Export
2025,5,May,Rice,Kgs,8.0,5.71,Export
2025,5,May,Skins and Hides,Kgs,0.0,0.0,Export
2025,5,May,Wood Sawn and Plied,Kgs,0.0,0.0,Export
2025,5,May,Woven Fabric,Kgs,0.0,0.0,Export
2025,5,May,Coconut,Kgs,0.0,0.0,Export
2025,6,Jun,Tobacco,Kgs,10737962.4,52227119.38,Export
2025,6,Jun,Other Exports,,0.0,7009145.35,Export
2025,6,Jun,Tea,Kgs,3591061.5,5191519.72,Export
2025,6,Jun,Macadamia Nuts,Kgs,571216.22,4118900.43,Export
2025,6,Jun,Pulses,Kgs,3978065.5,2117002.54,Export
2025,6,Jun,Natural Rubber,Kgs,362915.0,700972.87,Export
2025,6,Jun,Groundnuts,Kgs,596150.0,638919.83,Export
2025,6,Jun,Plastics and Other Articles Thereof,Kgs,451964.24,621224.13,Export
2025,6,Jun,Scrap Metal,Kgs,908902.655,337970.94,Export
2025,6,Jun,Cotton,Kgs,200.0,235794.48,Export
2025,6,Jun,Spices,Kgs,37104.0,223050.79,Export
2025,6,Jun,"Beverages, Spirits, Vinegar",Litres,54219.0,100815.32,Export
2025,6,Jun,Fish,Kgs,5610.0,16154.95,Export
2025,6,Jun,Wooden Furniture,Kgs,22076.0,13070.42,Export
2025,6,Jun,Coffee,Kgs,812.0,1587.62,Export
2025,6,Jun,Apparel Clothing: Not Knitted or Crocheted,No,2471.0,1516.71,Export
2025,6,Jun,Rice,Kgs,300.0,82.81,Export
2025,6,Jun,Live Trees and Flowers,Kgs,1.5,17.13,Export
2025,6,Jun,Sugar,Kgs,3.5,13.7,Export
2025,6,Jun,Soya Beans,Kgs,0.0,0.0,Export
2025,6,Jun,Skins and Hides,Kgs,0.0,0.0,Export
2025,6,Jun,Wood Sawn and Plied,Kgs,0.0,0.0,Export
2025,6,Jun,Woven Fabric,Kgs,0.0,0.0,Export
2025,6,Jun,Apparel Clothing: Knitted or Crocheted,No,0.0,0.0,Export
2025,6,Jun,Coconut,Kgs,0.0,0.0,Export
2025,7,Jul,Tobacco,Kgs,16599070.1,86606357.89,Export
2025,7,Jul,Other Exports,,0.0,8341882.79,Export
2025,7,Jul,Tea,Kgs,4805664.0,6623158.29,Export
2025,7,Jul,Pulses,Kgs,8469027.0,5793765.06,Export
2025,7,Jul,Macadamia Nuts,Kgs,514866.34,3593913.79,Export
2025,7,Jul,Groundnuts,Kgs,1863500.0,2156045.87,Export
2025,7,Jul,Wood Sawn and Plied,Kgs,2353102.55,1338009.52,Export
2025,7,Jul,Cotton,Kgs,247850.0,769955.38,Export
2025,7,Jul,Plastics and Other Articles Thereof,Kgs,531771.24,760212.03,Export
2025,7,Jul,Natural Rubber,Kgs,249760.0,466780.9,Export
2025,7,Jul,Scrap Metal,Kgs,723436.55,282713.03,Export
2025,7,Jul,"Beverages, Spirits, Vinegar",Litres,63353.0,94330.67,Export
2025,7,Jul,Spices,Kgs,66470.0,65558.2,Export
2025,7,Jul,Wooden Furniture,Kgs,53602.15,45020.39,Export
2025,7,Jul,Apparel Clothing: Not Knitted or Crocheted,No,20885.92,41508.92,Export
2025,7,Jul,Apparel Clothing: Knitted or Crocheted,No,16584.42,34526.18,Export
2025,7,Jul,Fish,Kgs,7437.5,11248.5,Export
2025,7,Jul,Soya Beans,Kgs,11015.5,5017.17,Export
2025,7,Jul,Rice,Kgs,3905.0,247.0,Export
2025,7,Jul,Sugar,Kgs,54.0,70.67,Export
2025,7,Jul,Live Trees and Flowers,Kgs,7.0,17.13,Export
2025,7,Jul,Woven Fabric,Kgs,10.0,10.0,Export
2025,7,Jul,Coffee,Kgs,2.0,4.57,Export
2025,7,Jul,Skins and Hides,Kgs,0.0,0.0,Export
2025,7,Jul,Coconut,Kgs,0.0,0.0,Export
2025,8,Aug,Tobacco,Kgs,16202741.0,75834073.49,Export
2025,8,Aug,Pulses,Kgs,11899319.5,9256558.84,Export
2025,8,Aug,Other Exports,,0.0,8624508.56000001,Export
2025,8,Aug,Tea,Kgs,3690341.1,5403114.56,Export
2025,8,Aug,Sugar,Kgs,6482365.0,4370084.08,Export
2025,8,Aug,Macadamia Nuts,Kgs,443769.92,3424731.14,Export
2025,8,Aug,Cotton,Kgs,297316.75,866250.3,Export
2025,8,Aug,Wood Sawn and Plied,Kgs,1889598.75,828245.82,Export
2025,8,Aug,Plastics and Other Articles Thereof,Kgs,492433.18,661714.97,Export
2025,8,Aug,Soya Beans,Kgs,832000.0,574079.48,Export
2025,8,Aug,Natural Rubber,Kgs,272335.0,518305.97,Export
2025,8,Aug,Groundnuts,Kgs,390170.0,491416.74,Export
2025,8,Aug,"Beverages, Spirits, Vinegar",Litres,217242.0,319022.98,Export
2025,8,Aug,Spices,Kgs,51481.7,220117.13,Export
2025,8,Aug,Scrap Metal,Kgs,78232.49,186960.58,Export
2025,8,Aug,Apparel Clothing: Knitted or Crocheted,No,16592.0,54543.02,Export
2025,8,Aug,Woven Fabric,Kgs,2269.0,21179.98,Export
2025,8,Aug,Fish,Kgs,7088.5,16755.6,Export
2025,8,Aug,Live Trees and Flowers,Kgs,12032.5,14707.98,Export
2025,8,Aug,Wooden Furniture,Kgs,28264.0,12817.71,Export
2025,8,Aug,Apparel Clothing: Not Knitted or Crocheted,No,1061.0,2875.93,Export
2025,8,Aug,Rice,Kgs,470.0,40.36,Export
2025,8,Aug,Coffee,Kgs,0.5,4.61,Export
2025,8,Aug,Skins and Hides,Kgs,0.0,0.0,Export
2025,8,Aug,Coconut,Kgs,0.0,0.0,Export
2025,9,Sep,Tobacco,Kgs,18617261.8,94099742.0,Export
2025,9,Sep,Other Exports,,0.0,28466967.24,Export
2025,9,Sep,Sugar,Kgs,7626313.0,5265519.92,Export
2025,9,Sep,Tea,Kgs,2782141.0,3903571.56,Export
2025,9,Sep,Macadamia Nuts,Kgs,217697.84,2074153.86,Export
2025,9,Sep,Pulses,Kgs,1394000.0,723869.38,Export
2025,9,Sep,Plastics and Other Articles Thereof,Kgs,464944.392,682553.92,Export
2025,9,Sep,Wood Sawn and Plied,Kgs,1385717.6,603345.24,Export
2025,9,Sep,Groundnuts,Kgs,300000.0,347594.2,Export
2025,9,Sep,Natural Rubber,Kgs,166600.0,329879.33,Export
2025,9,Sep,Scrap Metal,Kgs,1761810.5,307303.02,Export
2025,9,Sep,Spices,Kgs,16028.5,121914.28,Export
2025,9,Sep,"Beverages, Spirits, Vinegar",Litres,563798.3,119086.34,Export
2025,9,Sep,Soya Beans,Kgs,160000.0,109328.8,Export
2025,9,Sep,Fish,Kgs,6986.5,16411.56,Export
2025,9,Sep,Wooden Furniture,Kgs,22015.0,9668.53,Export
2025,9,Sep,Apparel Clothing: Knitted or Crocheted,No,503.0,590.5,Export
2025,9,Sep,Coffee,Kgs,12.0,68.53,Export
2025,9,Sep,Cotton,Kgs,0.0,0.0,Export
2025,9,Sep,Rice,Kgs,0.0,0.0,Export
2025,9,Sep,Skins and Hides,Kgs,0.0,0.0,Export
2025,9,Sep,Live Trees and Flowers,Kgs,0.0,0.0,Export
2025,9,Sep,Woven Fabric,Kgs,0.0,0.0,Export
2025,9,Sep,Apparel Clothing: Not Knitted or Crocheted,No,0.0,0.0,Export
2025,9,Sep,Coconut,Kgs,0.0,0.0,Export
2025,10,Oct,Tobacco,Kgs,11686589.6,55484666.38,Export
2025,10,Oct,Other Exports,,0.0,17095998.04,Export
2025,10,Oct,Sugar,Kgs,6211489.0,4306116.64,Export
2025,10,Oct,Tea,Kgs,3046333.2,3897191.04,Export
2025,10,Oct,Macadamia Nuts,Kgs,120494.0,1327004.57,Export
2025,10,Oct,Pulses,Kgs,2223003.0,1311833.76,Export
2025,10,Oct,Plastics and Other Articles Thereof,Kgs,507686.34,1004904.48,Export
2025,10,Oct,Groundnuts,Kgs,814000.0,863265.51,Export
2025,10,Oct,Wood Sawn and Plied,Kgs,1830759.95,810854.8,Export
2025,10,Oct,Coffee,Kgs,58415.0,402083.05,Export
2025,10,Oct,Scrap Metal,Kgs,1245202.5,270537.37,Export
2025,10,Oct,Natural Rubber,Kgs,75740.0,157878.1,Export
2025,10,Oct,"Beverages, Spirits, Vinegar",Litres,306062.0,125477.53,Export
2025,10,Oct,Wooden Furniture,Kgs,46511.0,35119.86,Export
2025,10,Oct,Apparel Clothing: Knitted or Crocheted,No,2415.2,18590.64,Export
2025,10,Oct,Fish,Kgs,5242.5,8219.62,Export
2025,10,Oct,Apparel Clothing: Not Knitted or Crocheted,No,1367.65,5570.04,Export
2025,10,Oct,Spices,Kgs,23255.0,3015.2,Export
2025,10,Oct,Rice,Kgs,1083.0,2676.53,Export
2025,10,Oct,Live Trees and Flowers,Kgs,3000.0,1000.0,Export
2025,10,Oct,Cotton,Kgs,0.0,0.0,Export
2025,10,Oct,Soya Beans,Kgs,0.0,0.0,Export
2025,10,Oct,Skins and Hides,Kgs,0.0,0.0,Export
2025,10,Oct,Woven Fabric,Kgs,0.0,0.0,Export
2025,10,Oct,Coconut,Kgs,0.0,0.0,Export
2025,11,Nov,Tobacco,Kgs,16790173.15,67178930.42,Export
2025,11,Nov,Other Exports,,0.0,29778978.49,Export
2025,11,Nov,Tea,Kgs,2868815.0,3860747.54,Export
2025,11,Nov,Pulses,Kgs,4713655.0,2806977.26,Export
2025,11,Nov,Sugar,Kgs,2726019.0,1629195.52,Export
2025,11,Nov,Wood Sawn and Plied,Kgs,1962589.5,885892.94,Export
2025,11,Nov,Plastics and Other Articles Thereof,Kgs,400533.053,647741.33,Export
2025,11,Nov,Scrap Metal,Kgs,1290945.59,607947.45,Export
2025,11,Nov,Coffee,Kgs,69960.0,481987.75,Export
2025,11,Nov,"Beverages, Spirits, Vinegar",Litres,276955.0,422783.11,Export
2025,11,Nov,Macadamia Nuts,Kgs,66109.5,388673.52,Export
2025,11,Nov,Groundnuts,Kgs,247500.0,266429.07,Export
2025,11,Nov,Soya Beans,Kgs,320000.0,218816.7,Export
2025,11,Nov,Spices,Kgs,18826.0,83759.06,Export
2025,11,Nov,Live Trees and Flowers,Kgs,81250.0,48560.11,Export
2025,11,Nov,Natural Rubber,Kgs,18445.0,40214.5,Export
2025,11,Nov,Fish,Kgs,8839.0,13133.14,Export
2025,11,Nov,Wooden Furniture,Kgs,48581.0,10197.18,Export
2025,11,Nov,Apparel Clothing: Knitted or Crocheted,No,29.0,157.38,Export
2025,11,Nov,Apparel Clothing: Not Knitted or Crocheted,No,45.0,68.59,Export
2025,11,Nov,Cotton,Kgs,0.0,0.0,Export
2025,11,Nov,Rice,Kgs,0.0,0.0,Export
2025,11,Nov,Skins and Hides,Kgs,0.0,0.0,Export
2025,11,Nov,Woven Fabric,Kgs,0.0,0.0,Export
2025,11,Nov,Coconut,Kgs,0.0,0.0,Export
2025,12,Dec,Tobacco,Kgs,11644877.0,43882894.83,Export
2025,12,Dec,Other Exports,,0.0,9172838.61,Export
2025,12,Dec,Tea,Kgs,1965299.0,2552665.0,Export
2025,12,Dec,Sugar,Kgs,3290367.0,1996272.0,Export
2025,12,Dec,Pulses,Kgs,1890000.0,946734.9,Export
2025,12,Dec,Wood Sawn and Plied,Kgs,1413335.0,631167.0,Export
2025,12,Dec,Coffee,Kgs,83604.0,368100.6,Export
2025,12,Dec,Scrap Metal,Kgs,1204592.0,268375.0,Export
2025,12,Dec,"Beverages, Spirits, Vinegar",Litres,1286862.0,253725.0,Export
2025,12,Dec,Cotton,Kgs,188991.0,241436.0,Export
2025,12,Dec,Soya Beans,Kgs,252000.0,221702.2,Export
2025,12,Dec,Groundnuts,Kgs,240000.0,221308.2,Export
2025,12,Dec,Spices,Kgs,42677.0,64742.0,Export
2025,12,Dec,Fish,Kgs,6592.0,11098.61,Export
2025,12,Dec,Live Trees and Flowers,Kgs,12000.0,10151.0,Export
2025,12,Dec,Wooden Furniture,Kgs,58323.0,10045.87,Export
2025,12,Dec,Apparel Clothing: Knitted or Crocheted,No,11516.0,3306.0,Export
2025,12,Dec,Macadamia Nuts,Kgs,2.0,11.0,Export
2025,12,Dec,Rice,Kgs,0.0,0.0,Export
2025,12,Dec,Skins and Hides,Kgs,0.0,0.0,Export
2025,12,Dec,Plastics and Other Articles Thereof,Kgs,0.0,0.0,Export
2025,12,Dec,Natural Rubber,Kgs,0.0,0.0,Export
2025,12,Dec,Woven Fabric,Kgs,0.0,0.0,Export
2025,12,Dec,Apparel Clothing: Not Knitted or Crocheted,No,0.0,0.0,Export
2025,12,Dec,Coconut,Kgs,0.0,0.0,Export
2026,1,Jan,Tobacco,Kgs,10800048.0,35790160.13,Export
2026,1,Jan,Other Exports,,0.0,8859612.82,Export
2026,1,Jan,Pulses,Kgs,4428354.6,3314660.37,Export
2026,1,Jan,Tea,Kgs,2179594.0,2970992.7,Export
2026,1,Jan,Groundnuts,Kgs,690015.0,791611.54,Export
2026,1,Jan,Plastics and Other Articles Thereof,Kgs,315536.146,634735.27,Export
2026,1,Jan,Macadamia Nuts,Kgs,162671.7,503601.62,Export
2026,1,Jan,Natural Rubber,Kgs,141435.0,305163.44,Export
2026,1,Jan,Scrap Metal,Kgs,865113.0,290147.15,Export
2026,1,Jan,Coffee,Kgs,57670.0,270702.64,Export
2026,1,Jan,Sugar,Kgs,261319.2,196195.12,Export
2026,1,Jan,"Beverages, Spirits, Vinegar",Litres,53682.0,109944.17,Export
2026,1,Jan,Apparel Clothing: Knitted or Crocheted,No,11719.1,34274.85,Export
2026,1,Jan,Fish,Kgs,7796.0,8663.98,Export
2026,1,Jan,Wooden Furniture,Kgs,17227.0,6865.35,Export
2026,1,Jan,Apparel Clothing: Not Knitted or Crocheted,No,1257.05,5476.59,Export
2026,1,Jan,Skins and Hides,Kgs,6580.0,3451.63,Export
2026,1,Jan,Spices,Kgs,8365.0,2143.32,Export
2026,1,Jan,Rice,Kgs,5.0,65.19,Export
2026,1,Jan,Soya Beans,Kgs,0.5,5.71,Export
2026,1,Jan,Cotton,Kgs,0.0,0.0,Export
2026,1,Jan,Live Trees and Flowers,Kgs,0.0,0.0,Export
2026,1,Jan,Wood Sawn and Plied,Kgs,0.0,0.0,Export
2026,1,Jan,Woven Fabric,Kgs,0.0,0.0,Export
2026,1,Jan,Coconut,Kgs,0.0,0.0,Export
2026,2,Feb,Tea,Kgs,0.0,0.0,Export
2026,2,Feb,Tobacco,Kgs,0.0,0.0,Export
2026,2,Feb,Cotton,Kgs,0.0,0.0,Export
2026,2,Feb,Sugar,Kgs,0.0,0.0,Export
2026,2,Feb,Soya Beans,Kgs,0.0,0.0,Export
2026,2,Feb,Pulses,Kgs,0.0,0.0,Export
2026,2,Feb,Rice,Kgs,0.0,0.0,Export
2026,2,Feb,Coffee,Kgs,0.0,0.0,Export
2026,2,Feb,Skins and Hides,Kgs,0.0,0.0,Export
2026,2,Feb,Live Trees and Flowers,Kgs,0.0,0.0,Export
2026,2,Feb,Groundnuts,Kgs,0.0,0.0,Export
2026,2,Feb,Plastics and Other Articles Thereof,Kgs,0.0,0.0,Export
2026,2,Feb,Macadamia Nuts,Kgs,0.0,0.0,Export
2026,2,Feb,Spices,Kgs,0.0,0.0,Export
2026,2,Feb,"Beverages, Spirits, Vinegar",Litres,0.0,0.0,Export
2026,2,Feb,Natural Rubber,Kgs,0.0,0.0,Export
2026,2,Feb,Wood Sawn and Plied,Kgs,0.0,0.0,Export
2026,2,Feb,Woven Fabric,Kgs,0.0,0.0,Export
2026,2,Feb,Apparel Clothing: Knitted or Crocheted,No,0.0,0.0,Export
2026,2,Feb,Apparel Clothing: Not Knitted or Crocheted,No,0.0,0.0,Export
2026,2,Feb,Fish,Kgs,0.0,0.0,Export
2026,2,Feb,Coconut,Kgs,0.0,0.0,Export
2026,2,Feb,Scrap Metal,Kgs,0.0,0.0,Export
2026,2,Feb,Wooden Furniture,Kgs,0.0,0.0,Export
2026,2,Feb,Other Exports,,0.0,0.0,Export
2026,3,Mar,Tea,Kgs,0.0,0.0,Export
2026,3,Mar,Tobacco,Kgs,0.0,0.0,Export
2026,3,Mar,Cotton,Kgs,0.0,0.0,Export
2026,3,Mar,Sugar,Kgs,0.0,0.0,Export
2026,3,Mar,Soya Beans,Kgs,0.0,0.0,Export
2026,3,Mar,Pulses,Kgs,0.0,0.0,Export
2026,3,Mar,Rice,Kgs,0.0,0.0,Export
2026,3,Mar,Coffee,Kgs,0.0,0.0,Export
2026,3,Mar,Skins and Hides,Kgs,0.0,0.0,Export
2026,3,Mar,Live Trees and Flowers,Kgs,0.0,0.0,Export
2026,3,Mar,Groundnuts,Kgs,0.0,0.0,Export
2026,3,Mar,Plastics and Other Articles Thereof,Kgs,0.0,0.0,Export
2026,3,Mar,Macadamia Nuts,Kgs,0.0,0.0,Export
2026,3,Mar,Spices,Kgs,0.0,0.0,Export
2026,3,Mar,"Beverages, Spirits, Vinegar",Litres,0.0,0.0,Export
2026,3,Mar,Natural Rubber,Kgs,0.0,0.0,Export
2026,3,Mar,Wood Sawn and Plied,Kgs,0.0,0.0,Export
2026,3,Mar,Woven Fabric,Kgs,0.0,0.0,Export
2026,3,Mar,Apparel Clothing: Knitted or Crocheted,No,0.0,0.0,Export
2026,3,Mar,Apparel Clothing: Not Knitted or Crocheted,No,0.0,0.0,Export
2026,3,Mar,Fish,Kgs,0.0,0.0,Export
2026,3,Mar,Coconut,Kgs,0.0,0.0,Export
2026,3,Mar,Scrap Metal,Kgs,0.0,0.0,Export
2026,3,Mar,Wooden Furniture,Kgs,0.0,0.0,Export
2026,3,Mar,Other Exports,,0.0,0.0,Export
2026,4,Apr,Tea,Kgs,0.0,0.0,Export
2026,4,Apr,Tobacco,Kgs,0.0,0.0,Export
2026,4,Apr,Cotton,Kgs,0.0,0.0,Export
2026,4,Apr,Sugar,Kgs,0.0,0.0,Export
2026,4,Apr,Soya Beans,Kgs,0.0,0.0,Export
2026,4,Apr,Pulses,Kgs,0.0,0.0,Export
2026,4,Apr,Rice,Kgs,0.0,0.0,Export
2026,4,Apr,Coffee,Kgs,0.0,0.0,Export
2026,4,Apr,Skins and Hides,Kgs,0.0,0.0,Export
2026,4,Apr,Live Trees and Flowers,Kgs,0.0,0.0,Export
2026,4,Apr,Groundnuts,Kgs,0.0,0.0,Export
2026,4,Apr,Plastics and Other Articles Thereof,Kgs,0.0,0.0,Export
2026,4,Apr,Macadamia Nuts,Kgs,0.0,0.0,Export
2026,4,Apr,Spices,Kgs,0.0,0.0,Export
2026,4,Apr,"Beverages, Spirits, Vinegar",Litres,0.0,0.0,Export
2026,4,Apr,Natural Rubber,Kgs,0.0,0.0,Export
2026,4,Apr,Wood Sawn and Plied,Kgs,0.0,0.0,Export
2026,4,Apr,Woven Fabric,Kgs,0.0,0.0,Export
2026,4,Apr,Apparel Clothing: Knitted or Crocheted,No,0.0,0.0,Export
2026,4,Apr,Apparel Clothing: Not Knitted or Crocheted,No,0.0,0.0,Export
2026,4,Apr,Fish,Kgs,0.0,0.0,Export
2026,4,Apr,Coconut,Kgs,0.0,0.0,Export
2026,4,Apr,Scrap Metal,Kgs,0.0,0.0,Export
2026,4,Apr,Wooden Furniture,Kgs,0.0,0.0,Export
2026,4,Apr,Other Exports,,0.0,0.0,Export
2026,5,May,Tea,Kgs,0.0,0.0,Export
2026,5,May,Tobacco,Kgs,0.0,0.0,Export
2026,5,May,Cotton,Kgs,0.0,0.0,Export
2026,5,May,Sugar,Kgs,0.0,0.0,Export
2026,5,May,Soya Beans,Kgs,0.0,0.0,Export
2026,5,May,Pulses,Kgs,0.0,0.0,Export
2026,5,May,Rice,Kgs,0.0,0.0,Export
2026,5,May,Coffee,Kgs,0.0,0.0,Export
2026,5,May,Skins and Hides,Kgs,0.0,0.0,Export
2026,5,May,Live Trees and Flowers,Kgs,0.0,0.0,Export
2026,5,May,Groundnuts,Kgs,0.0,0.0,Export
2026,5,May,Plastics and Other Articles Thereof,Kgs,0.0,0.0,Export
2026,5,May,Macadamia Nuts,Kgs,0.0,0.0,Export
2026,5,May,Spices,Kgs,0.0,0.0,Export
2026,5,May,"Beverages, Spirits, Vinegar",Litres,0.0,0.0,Export
2026,5,May,Natural Rubber,Kgs,0.0,0.0,Export
2026,5,May,Wood Sawn and Plied,Kgs,0.0,0.0,Export
2026,5,May,Woven Fabric,Kgs,0.0,0.0,Export
2026,5,May,Apparel Clothing: Knitted or Crocheted,No,0.0,0.0,Export
2026,5,May,Apparel Clothing: Not Knitted or Crocheted,No,0.0,0.0,Export
2026,5,May,Fish,Kgs,0.0,0.0,Export
2026,5,May,Coconut,Kgs,0.0,0.0,Export
2026,5,May,Scrap Metal,Kgs,0.0,0.0,Export
2026,5,May,Wooden Furniture,Kgs,0.0,0.0,Export
2026,5,May,Other Exports,,0.0,0.0,Export
2026,6,Jun,Tea,Kgs,0.0,0.0,Export
2026,6,Jun,Tobacco,Kgs,0.0,0.0,Export
2026,6,Jun,Cotton,Kgs,0.0,0.0,Export
2026,6,Jun,Sugar,Kgs,0.0,0.0,Export
2026,6,Jun,Soya Beans,Kgs,0.0,0.0,Export
2026,6,Jun,Pulses,Kgs,0.0,0.0,Export
2026,6,Jun,Rice,Kgs,0.0,0.0,Export
2026,6,Jun,Coffee,Kgs,0.0,0.0,Export
2026,6,Jun,Skins and Hides,Kgs,0.0,0.0,Export
2026,6,Jun,Live Trees and Flowers,Kgs,0.0,0.0,Export
2026,6,Jun,Groundnuts,Kgs,0.0,0.0,Export
2026,6,Jun,Plastics and Other Articles Thereof,Kgs,0.0,0.0,Export
2026,6,Jun,Macadamia Nuts,Kgs,0.0,0.0,Export
2026,6,Jun,Spices,Kgs,0.0,0.0,Export
2026,6,Jun,"Beverages, Spirits, Vinegar",Litres,0.0,0.0,Export
2026,6,Jun,Natural Rubber,Kgs,0.0,0.0,Export
2026,6,Jun,Wood Sawn and Plied,Kgs,0.0,0.0,Export
2026,6,Jun,Woven Fabric,Kgs,0.0,0.0,Export
2026,6,Jun,Apparel Clothing: Knitted or Crocheted,No,0.0,0.0,Export
2026,6,Jun,Apparel Clothing: Not Knitted or Crocheted,No,0.0,0.0,Export
2026,6,Jun,Fish,Kgs,0.0,0.0,Export
2026,6,Jun,Coconut,Kgs,0.0,0.0,Export
2026,6,Jun,Scrap Metal,Kgs,0.0,0.0,Export
2026,6,Jun,Wooden Furniture,Kgs,0.0,0.0,Export
2026,6,Jun,Other Exports,,0.0,0.0,Export
2026,7,Jul,Tea,Kgs,0.0,0.0,Export
2026,7,Jul,Tobacco,Kgs,0.0,0.0,Export
2026,7,Jul,Cotton,Kgs,0.0,0.0,Export
2026,7,Jul,Sugar,Kgs,0.0,0.0,Export
2026,7,Jul,Soya Beans,Kgs,0.0,0.0,Export
2026,7,Jul,Pulses,Kgs,0.0,0.0,Export
2026,7,Jul,Rice,Kgs,0.0,0.0,Export
2026,7,Jul,Coffee,Kgs,0.0,0.0,Export
2026,7,Jul,Skins and Hides,Kgs,0.0,0.0,Export
2026,7,Jul,Live Trees and Flowers,Kgs,0.0,0.0,Export
2026,7,Jul,Groundnuts,Kgs,0.0,0.0,Export
2026,7,Jul,Plastics and Other Articles Thereof,Kgs,0.0,0.0,Export
2026,7,Jul,Macadamia Nuts,Kgs,0.0,0.0,Export
2026,7,Jul,Spices,Kgs,0.0,0.0,Export
2026,7,Jul,"Beverages, Spirits, Vinegar",Litres,0.0,0.0,Export
2026,7,Jul,Natural Rubber,Kgs,0.0,0.0,Export
2026,7,Jul,Wood Sawn and Plied,Kgs,0.0,0.0,Export
2026,7,Jul,Woven Fabric,Kgs,0.0,0.0,Export
2026,7,Jul,Apparel Clothing: Knitted or Crocheted,No,0.0,0.0,Export
2026,7,Jul,Apparel Clothing: Not Knitted or Crocheted,No,0.0,0.0,Export
2026,7,Jul,Fish,Kgs,0.0,0.0,Export
2026,7,Jul,Coconut,Kgs,0.0,0.0,Export
2026,7,Jul,Scrap Metal,Kgs,0.0,0.0,Export
2026,7,Jul,Wooden Furniture,Kgs,0.0,0.0,Export
2026,7,Jul,Other Exports,,0.0,0.0,Export
2026,8,Aug,Tea,Kgs,0.0,0.0,Export
2026,8,Aug,Tobacco,Kgs,0.0,0.0,Export
2026,8,Aug,Cotton,Kgs,0.0,0.0,Export
2026,8,Aug,Sugar,Kgs,0.0,0.0,Export
2026,8,Aug,Soya Beans,Kgs,0.0,0.0,Export
2026,8,Aug,Pulses,Kgs,0.0,0.0,Export
2026,8,Aug,Rice,Kgs,0.0,0.0,Export
2026,8,Aug,Coffee,Kgs,0.0,0.0,Export
2026,8,Aug,Skins and Hides,Kgs,0.0,0.0,Export
2026,8,Aug,Live Trees and Flowers,Kgs,0.0,0.0,Export
2026,8,Aug,Groundnuts,Kgs,0.0,0.0,Export
2026,8,Aug,Plastics and Other Articles Thereof,Kgs,0.0,0.0,Export
2026,8,Aug,Macadamia Nuts,Kgs,0.0,0.0,Export
2026,8,Aug,Spices,Kgs,0.0,0.0,Export
2026,8,Aug,"Beverages, Spirits, Vinegar",Litres,0.0,0.0,Export
2026,8,Aug,Natural Rubber,Kgs,0.0,0.0,Export
2026,8,Aug,Wood Sawn and Plied,Kgs,0.0,0.0,Export
2026,8,Aug,Woven Fabric,Kgs,0.0,0.0,Export
2026,8,Aug,Apparel Clothing: Knitted or Crocheted,No,0.0,0.0,Export
2026,8,Aug,Apparel Clothing: Not Knitted or Crocheted,No,0.0,0.0,Export
2026,8,Aug,Fish,Kgs,0.0,0.0,Export
2026,8,Aug,Coconut,Kgs,0.0,0.0,Export
2026,8,Aug,Scrap Metal,Kgs,0.0,0.0,Export
2026,8,Aug,Wooden Furniture,Kgs,0.0,0.0,Export
2026,8,Aug,Other Exports,,0.0,0.0,Export
2026,9,Sep,Tea,Kgs,0.0,0.0,Export
2026,9,Sep,Tobacco,Kgs,0.0,0.0,Export
2026,9,Sep,Cotton,Kgs,0.0,0.0,Export
2026,9,Sep,Sugar,Kgs,0.0,0.0,Export
2026,9,Sep,Soya Beans,Kgs,0.0,0.0,Export
2026,9,Sep,Pulses,Kgs,0.0,0.0,Export
2026,9,Sep,Rice,Kgs,0.0,0.0,Export
2026,9,Sep,Coffee,Kgs,0.0,0.0,Export
2026,9,Sep,Skins and Hides,Kgs,0.0,0.0,Export
2026,9,Sep,Live Trees and Flowers,Kgs,0.0,0.0,Export
2026,9,Sep,Groundnuts,Kgs,0.0,0.0,Export
2026,9,Sep,Plastics and Other Articles Thereof,Kgs,0.0,0.0,Export
2026,9,Sep,Macadamia Nuts,Kgs,0.0,0.0,Export
2026,9,Sep,Spices,Kgs,0.0,0.0,Export
2026,9,Sep,"Beverages, Spirits, Vinegar",Litres,0.0,0.0,Export
2026,9,Sep,Natural Rubber,Kgs,0.0,0.0,Export
2026,9,Sep,Wood Sawn and Plied,Kgs,0.0,0.0,Export
2026,9,Sep,Woven Fabric,Kgs,0.0,0.0,Export
2026,9,Sep,Apparel Clothing: Knitted or Crocheted,No,0.0,0.0,Export
2026,9,Sep,Apparel Clothing: Not Knitted or Crocheted,No,0.0,0.0,Export
2026,9,Sep,Fish,Kgs,0.0,0.0,Export
2026,9,Sep,Coconut,Kgs,0.0,0.0,Export
2026,9,Sep,Scrap Metal,Kgs,0.0,0.0,Export
2026,9,Sep,Wooden Furniture,Kgs,0.0,0.0,Export
2026,9,Sep,Other Exports,,0.0,0.0,Export
2026,10,Oct,Tea,Kgs,0.0,0.0,Export
2026,10,Oct,Tobacco,Kgs,0.0,0.0,Export
2026,10,Oct,Cotton,Kgs,0.0,0.0,Export
2026,10,Oct,Sugar,Kgs,0.0,0.0,Export
2026,10,Oct,Soya Beans,Kgs,0.0,0.0,Export
2026,10,Oct,Pulses,Kgs,0.0,0.0,Export
2026,10,Oct,Rice,Kgs,0.0,0.0,Export
2026,10,Oct,Coffee,Kgs,0.0,0.0,Export
2026,10,Oct,Skins and Hides,Kgs,0.0,0.0,Export
2026,10,Oct,Live Trees and Flowers,Kgs,0.0,0.0,Export
2026,10,Oct,Groundnuts,Kgs,0.0,0.0,Export
2026,10,Oct,Plastics and Other Articles Thereof,Kgs,0.0,0.0,Export
2026,10,Oct,Macadamia Nuts,Kgs,0.0,0.0,Export
2026,10,Oct,Spices,Kgs,0.0,0.0,Export
2026,10,Oct,"Beverages, Spirits, Vinegar",Litres,0.0,0.0,Export
2026,10,Oct,Natural Rubber,Kgs,0.0,0.0,Export
2026,10,Oct,Wood Sawn and Plied,Kgs,0.0,0.0,Export
2026,10,Oct,Woven Fabric,Kgs,0.0,0.0,Export
2026,10,Oct,Apparel Clothing: Knitted or Crocheted,No,0.0,0.0,Export
2026,10,Oct,Apparel Clothing: Not Knitted or Crocheted,No,0.0,0.0,Export
2026,10,Oct,Fish,Kgs,0.0,0.0,Export
2026,10,Oct,Coconut,Kgs,0.0,0.0,Export
2026,10,Oct,Scrap Metal,Kgs,0.0,0.0,Export
2026,10,Oct,Wooden Furniture,Kgs,0.0,0.0,Export
2026,10,Oct,Other Exports,,0.0,0.0,Export
2026,11,Nov,Tea,Kgs,0.0,0.0,Export
2026,11,Nov,Tobacco,Kgs,0.0,0.0,Export
2026,11,Nov,Cotton,Kgs,0.0,0.0,Export
2026,11,Nov,Sugar,Kgs,0.0,0.0,Export
2026,11,Nov,Soya Beans,Kgs,0.0,0.0,Export
2026,11,Nov,Pulses,Kgs,0.0,0.0,Export
2026,11,Nov,Rice,Kgs,0.0,0.0,Export
2026,11,Nov,Coffee,Kgs,0.0,0.0,Export
2026,11,Nov,Skins and Hides,Kgs,0.0,0.0,Export
2026,11,Nov,Live Trees and Flowers,Kgs,0.0,0.0,Export
2026,11,Nov,Groundnuts,Kgs,0.0,0.0,Export
2026,11,Nov,Plastics and Other Articles Thereof,Kgs,0.0,0.0,Export
2026,11,Nov,Macadamia Nuts,Kgs,0.0,0.0,Export
2026,11,Nov,Spices,Kgs,0.0,0.0,Export
2026,11,Nov,"Beverages, Spirits, Vinegar",Litres,0.0,0.0,Export
2026,11,Nov,Natural Rubber,Kgs,0.0,0.0,Export
2026,11,Nov,Wood Sawn and Plied,Kgs,0.0,0.0,Export
2026,11,Nov,Woven Fabric,Kgs,0.0,0.0,Export
2026,11,Nov,Apparel Clothing: Knitted or Crocheted,No,0.0,0.0,Export
2026,11,Nov,Apparel Clothing: Not Knitted or Crocheted,No,0.0,0.0,Export
2026,11,Nov,Fish,Kgs,0.0,0.0,Export
2026,11,Nov,Coconut,Kgs,0.0,0.0,Export
2026,11,Nov,Scrap Metal,Kgs,0.0,0.0,Export
2026,11,Nov,Wooden Furniture,Kgs,0.0,0.0,Export
2026,11,Nov,Other Exports,,0.0,0.0,Export
2026,12,Dec,Tea,Kgs,0.0,0.0,Export
2026,12,Dec,Tobacco,Kgs,0.0,0.0,Export
2026,12,Dec,Cotton,Kgs,0.0,0.0,Export
2026,12,Dec,Sugar,Kgs,0.0,0.0,Export
2026,12,Dec,Soya Beans,Kgs,0.0,0.0,Export
2026,12,Dec,Pulses,Kgs,0.0,0.0,Export
2026,12,Dec,Rice,Kgs,0.0,0.0,Export
2026,12,Dec,Coffee,Kgs,0.0,0.0,Export
2026,12,Dec,Skins and Hides,Kgs,0.0,0.0,Export
2026,12,Dec,Live Trees and Flowers,Kgs,0.0,0.0,Export
2026,12,Dec,Groundnuts,Kgs,0.0,0.0,Export
2026,12,Dec,Plastics and Other Articles Thereof,Kgs,0.0,0.0,Export
2026,12,Dec,Macadamia Nuts,Kgs,0.0,0.0,Export
2026,12,Dec,Spices,Kgs,0.0,0.0,Export
2026,12,Dec,"Beverages, Spirits, Vinegar",Litres,0.0,0.0,Export
2026,12,Dec,Natural Rubber,Kgs,0.0,0.0,Export
2026,12,Dec,Wood Sawn and Plied,Kgs,0.0,0.0,Export
2026,12,Dec,Woven Fabric,Kgs,0.0,0.0,Export
2026,12,Dec,Apparel Clothing: Knitted or Crocheted,No,0.0,0.0,Export
2026,12,Dec,Apparel Clothing: Not Knitted or Crocheted,No,0.0,0.0,Export
2026,12,Dec,Fish,Kgs,0.0,0.0,Export
2026,12,Dec,Coconut,Kgs,0.0,0.0,Export
2026,12,Dec,Scrap Metal,Kgs,0.0,0.0,Export
2026,12,Dec,Wooden Furniture,Kgs,0.0,0.0,Export
2026,12,Dec,Other Exports,,0.0,0.0,Export
